datetime,video_type,video_id,clip_start,clip_end,status,title,artist,performer,comment
2018-03-27T20:54+09:00,TWITTER,978601113791299585,,,0,Starduster,ジミーサムP,星街すいせい,
2018-04-24T00:24+09:00,TWITTER,988438549312647168,,,0,Shangri-La,angela,星街すいせい,
2018-04-24T22:42+09:00,TWITTER,988775240766439424,,,0,気づかないうちにアホガールOPがファフナーになる,fukkun,星街すいせい,
2018-04-30T17:00+09:00,YOUTUBE,sm4KMKurd8E,,,0,メルティランドナイトメア,はるまきごはん,星街すいせい,
2018-06-04T05:20+09:00,TWITTER,1003370784474034177,,,0,変わらないもの,奥華子,星街すいせい,
2018-06-05T21:58+09:00,TWITTER,1003984348478038016,,,0,月のワルツ,諫山実生,星街すいせい,
2018-08-13T07:00+09:00,YOUTUBE,PerzMoTou-k,,,0,ブルーバード,いきものがかり,星街すいせい,
2018-09-24T17:30+09:00,YOUTUBE,_8eUrkYNnLY,,,0,創聖のアクエリオン,AKINO,星街すいせい,
2018-10-31T21:07+09:00,TWITTER,1057604960324440065,,,0,Mrs.Pumpkinの滑稽な夢,ハチP,星街すいせい,
2018-11-22T20:00+09:00,YOUTUBE,3cqV5BKJHyk,,,0,comet,星街すいせい,星街すいせい,
2018-12-17T22:52+09:00,TWITTER,1074663664785846272,,,0,te-yut-te,フェイP,星街すいせい,
2018-12-24T20:00+09:00,YOUTUBE,9pgap38Os_k,,,0,melty world,キズナアイ,星街すいせい,
2018-12-26T18:58+09:00,YOUTUBE,X1T9M4F8sKk,,,0,劣等上等,Giga,"ルピナス・ナイトリー,星街すいせい",
2019-02-13T20:00+09:00,YOUTUBE,WLj0Rg_bcvQ,,,0,Shine!!,CINDERELLA PROJECT,星街すいせい,
2019-02-14T02:12+09:00,YOUTUBE,-uQ4bc7otx8,,,0,バレンタイン・キッス,国生さゆり,"久遠藍,星街すいせい,黒羽満月,ルピナス・ナイトリー",
2019-03-22T19:58+09:00,YOUTUBE,zLak0dxBKpM,,,0,天球、彗星は夜を跨いで,星街すいせい,星街すいせい,
2019-06-05T07:09+09:00,TWITTER,1136032336414330880,,,0,夢町コントラスト,電ポルP,星街すいせい,
2019-06-10T20:00+09:00,YOUTUBE,1768lvpfxRI,272.7,487.1,0,丸の内サディスティック,椎名林檎,星街すいせい,
2019-06-10T20:00+09:00,YOUTUBE,1768lvpfxRI,590.7,835.0,0,プラチナ,坂本真綾,星街すいせい,
2019-06-10T20:00+09:00,YOUTUBE,1768lvpfxRI,894.7,1095.1,0,カルマ,BUMP OF CHICKEN,星街すいせい,
2019-06-10T20:00+09:00,YOUTUBE,1768lvpfxRI,1254.3,1390.1,0,花の唄,Aimer,星街すいせい,
2019-06-10T20:00+09:00,YOUTUBE,1768lvpfxRI,1426.8,1439.5,1,RE:I AM,Aimer,星街すいせい,
2019-06-10T20:00+09:00,YOUTUBE,1768lvpfxRI,1448.8,1476.0,1,StarRingChild,Aimer,星街すいせい,
2019-06-10T20:00+09:00,YOUTUBE,1768lvpfxRI,1604.1,1661.3,1,Departures 〜あなたにおくるアイの歌〜,EGOIST,星街すいせい,
2019-06-10T20:00+09:00,YOUTUBE,1768lvpfxRI,1673.3,1688.6,1,The Everlasting Guilty Crown,EGOIST,星街すいせい,
2019-06-10T20:00+09:00,YOUTUBE,1768lvpfxRI,1723.6,1781.3,1,名前のない怪物,EGOIST,星街すいせい,
2019-06-10T20:00+09:00,YOUTUBE,1768lvpfxRI,1801.8,1874.3,1,Fallen,EGOIST,星街すいせい,
2019-06-10T20:00+09:00,YOUTUBE,1768lvpfxRI,1943.5,2069.1,0,Trinity Field,Triad Primus,星街すいせい,
2019-06-10T20:00+09:00,YOUTUBE,1768lvpfxRI,2191.1,2251.1,1,光,宇多田ヒカル,星街すいせい,
2019-06-10T20:00+09:00,YOUTUBE,1768lvpfxRI,2270.3,2314.9,1,Kiss & Cry,宇多田ヒカル,星街すいせい,
2019-06-10T20:00+09:00,YOUTUBE,1768lvpfxRI,2329.3,2379.7,1,Beautiful World,宇多田ヒカル,星街すいせい,
2019-06-10T20:00+09:00,YOUTUBE,1768lvpfxRI,2392.7,2436.5,1,桜流し,宇多田ヒカル,星街すいせい,
2019-06-10T20:00+09:00,YOUTUBE,1768lvpfxRI,2455.2,2484.3,1,Can You Keep A Secret?,宇多田ヒカル,星街すいせい,
2019-06-10T20:00+09:00,YOUTUBE,1768lvpfxRI,2515.9,2577.1,1,again,YUI,星街すいせい,
2019-06-10T20:00+09:00,YOUTUBE,1768lvpfxRI,2620.5,2622.0,1,嘘,シド,星街すいせい,
2019-06-10T20:00+09:00,YOUTUBE,1768lvpfxRI,2674.3,2743.8,1,消せない罪,北出菜奈,星街すいせい,
2019-06-10T20:00+09:00,YOUTUBE,1768lvpfxRI,2754.5,2783.2,1,一番の宝物,Lia,星街すいせい,
2019-06-10T20:00+09:00,YOUTUBE,1768lvpfxRI,2825.0,2848.7,1,言って。,ヨルシカ,星街すいせい,
2019-06-10T20:00+09:00,YOUTUBE,1768lvpfxRI,2868.3,2929.2,1,白ゆき,ナブナ,星街すいせい,
2019-06-10T20:00+09:00,YOUTUBE,1768lvpfxRI,2959.4,3007.1,1,夜明けと蛍,ナブナ,星街すいせい,
2019-06-10T20:00+09:00,YOUTUBE,1768lvpfxRI,3018.7,3119.1,1,ダイアモンドクレバス,シェリル・ノーム,星街すいせい,
2019-06-10T20:00+09:00,YOUTUBE,1768lvpfxRI,3172.5,3193.5,1,ONLY YOUR STARS!,あんさんぶるスターズ,星街すいせい,
2019-06-10T20:00+09:00,YOUTUBE,1768lvpfxRI,3240.1,3434.1,0,Flamingo,米津玄師,星街すいせい,
2019-06-10T20:00+09:00,YOUTUBE,1768lvpfxRI,3618.1,3707.0,0,光るなら,Goose house,星街すいせい,
2019-06-10T20:00+09:00,YOUTUBE,1768lvpfxRI,3736.2,3765.2,1,気づかないうちにアホガールOPがファフナーになる,fukkun,星街すいせい,
2019-06-10T20:00+09:00,YOUTUBE,1768lvpfxRI,3836.1,3860.7,1,鐘を鳴らして,BONNIE PINK,星街すいせい,
2019-06-10T20:00+09:00,YOUTUBE,1768lvpfxRI,3885.6,3945.9,1,ココ,たむらぱん,星街すいせい,
2019-06-10T20:00+09:00,YOUTUBE,1768lvpfxRI,3960.4,3989.5,1,chAngE,Miwa,星街すいせい,
2019-06-10T20:00+09:00,YOUTUBE,1768lvpfxRI,4041.2,4055.7,1,まもりたい 〜White Wishes〜,BoA,星街すいせい,
2019-06-10T20:00+09:00,YOUTUBE,1768lvpfxRI,4062.3,4308.8,0,完全感覚Dreamer,ONE OK ROCK,星街すいせい,
2019-06-10T20:00+09:00,YOUTUBE,1768lvpfxRI,4348.4,4361.6,1,おジャ魔女カーニバル!！,MAHO堂,星街すいせい,
2019-06-10T20:00+09:00,YOUTUBE,1768lvpfxRI,4363.8,4395.9,1,アンインストール,石川智晶,星街すいせい,
2019-06-10T20:00+09:00,YOUTUBE,1768lvpfxRI,4423.9,4433.6,1,Happy Birthday to You,Patty Hill,星街すいせい,
2019-06-10T20:00+09:00,YOUTUBE,1768lvpfxRI,4439.7,4455.6,1,Mr.Music,れるりり,星街すいせい,
2019-06-10T20:00+09:00,YOUTUBE,1768lvpfxRI,4465.2,4472.1,1,AIAIAI,Kizuna AI,星街すいせい,
2019-06-10T20:00+09:00,YOUTUBE,1768lvpfxRI,4489.5,4534.3,1,ムーンライト伝説,DALI,星街すいせい,
2019-06-10T20:00+09:00,YOUTUBE,1768lvpfxRI,4554.3,4563.3,1,キューティーハニー,倖田來未,星街すいせい,
2019-06-10T20:00+09:00,YOUTUBE,1768lvpfxRI,4578.1,4654.0,1,それは小さな光のような,さユり,星街すいせい,
2019-06-10T20:00+09:00,YOUTUBE,1768lvpfxRI,4664.9,4675.1,1,YOU,癒月,星街すいせい,
2019-06-10T20:00+09:00,YOUTUBE,1768lvpfxRI,4743.7,4814.8,1,青春の瞬き,"椎名林檎,栗山千明",星街すいせい,
2019-06-10T20:00+09:00,YOUTUBE,1768lvpfxRI,4831.0,4869.2,1,罪と罰,椎名林檎,星街すいせい,
2019-06-10T20:00+09:00,YOUTUBE,1768lvpfxRI,4897.9,4920.4,1,Overdrive,原田ひとみ,星街すいせい,
2019-06-10T20:00+09:00,YOUTUBE,1768lvpfxRI,4941.5,5009.4,1,テルーの唄,手嶌葵,星街すいせい,
2019-06-10T20:00+09:00,YOUTUBE,1768lvpfxRI,5070.3,5087.5,1,アヴェ・マリア,シャルル・フランソワ・グノー,星街すいせい,
2019-06-10T20:00+09:00,YOUTUBE,1768lvpfxRI,5107.1,5112.9,1,天城越え,石川さゆり,星街すいせい,
2019-06-10T20:00+09:00,YOUTUBE,1768lvpfxRI,5122.9,5158.1,1,地上の星,中島みゆき,星街すいせい,
2019-06-10T20:00+09:00,YOUTUBE,1768lvpfxRI,5213.6,5442.1,0,星間飛行,中島愛,星街すいせい,
2019-06-22T21:11+09:00,TWITTER,1142404825310584834,,,0,Leia,ゆよゆっぺ,星街すいせい,
2019-07-07T16:11+09:00,YOUTUBE,C9ZZr-pbBMg,286.1,519.8,0,撲殺天使ドクロちゃん,千葉紗子,"猫又おかゆ,戌神ころね,星街すいせい,友人A",
2019-07-07T16:11+09:00,YOUTUBE,C9ZZr-pbBMg,1056.5,1263.3,0,ロックンロ一ルなんですの,supercell,星街すいせい,
2019-07-07T16:11+09:00,YOUTUBE,C9ZZr-pbBMg,2189.4,2376.1,0,Lunatic Show,NiGHT ENCOUNTER,"星街すいせい,友人A",
2019-07-07T16:11+09:00,YOUTUBE,C9ZZr-pbBMg,2976.2,3089.3,0,Tryst of Stars,fine,星街すいせい,
2019-07-10T20:00+09:00,YOUTUBE,zCnKUvJcJjc,1650.4,1664.2,1,やさしいキスをして,DREAMS COME TRUE,星街すいせい,
2019-07-10T20:00+09:00,YOUTUBE,zCnKUvJcJjc,1682.4,1687.8,1,天体観測,BUMP OF CHICKEN,星街すいせい,
2019-07-10T20:00+09:00,YOUTUBE,zCnKUvJcJjc,1756.6,1764.0,1,地上の星,中島みゆき,星街すいせい,
2019-08-30T19:30+09:00,YOUTUBE,RwRLUE40868,1669.4,1936.0,0,NEO STREAM,ワルキューレ,星街すいせい,
2019-08-30T19:30+09:00,YOUTUBE,RwRLUE40868,4199.0,4380.1,0,My Dearest,supercell,星街すいせい,
2019-08-30T19:30+09:00,YOUTUBE,RwRLUE40868,4959.7,5140.8,0,My Dearest,supercell,星街すいせい,
2019-09-07T21:12+09:00,YOUTUBE,IG1zY1-V1FA,147.5,397.3,0,again,YUI,星街すいせい,
2019-09-07T21:12+09:00,YOUTUBE,IG1zY1-V1FA,604.0,844.3,0,LOSER,米津玄師,星街すいせい,
2019-09-07T21:12+09:00,YOUTUBE,IG1zY1-V1FA,848.4,1083.9,0,砂の惑星,ハチP,星街すいせい,
2019-09-07T21:12+09:00,YOUTUBE,IG1zY1-V1FA,1159.9,1372.7,0,群青日和,東京事変,星街すいせい,
2019-09-07T21:12+09:00,YOUTUBE,IG1zY1-V1FA,1481.9,1728.2,0,Rising Hope,LiSA,星街すいせい,
2019-09-07T21:12+09:00,YOUTUBE,IG1zY1-V1FA,1741.7,1833.6,0,grilletto,GARNiDELiA,星街すいせい,
2019-09-07T21:12+09:00,YOUTUBE,IG1zY1-V1FA,2007.9,2310.4,0,恋になりたいAQUARIUM,Aqours,星街すいせい,
2019-09-07T21:12+09:00,YOUTUBE,IG1zY1-V1FA,2400.2,2607.2,0,全力☆SUMMER!,angela,星街すいせい,
2019-09-23T01:01+09:00,YOUTUBE,S18_u_Fyzxw,91.1,292.6,0,Arrietty's Song,Cecile Corbel,星街すいせい,
2019-09-23T01:01+09:00,YOUTUBE,S18_u_Fyzxw,299.0,534.0,0,海の幽霊,米津玄師,星街すいせい,
2019-09-23T01:01+09:00,YOUTUBE,S18_u_Fyzxw,544.9,636.9,0,カワキヲアメク,美波,星街すいせい,
2019-09-23T01:01+09:00,YOUTUBE,S18_u_Fyzxw,644.6,739.9,0,スタンドバイミー,the peggies,星街すいせい,
2019-09-23T01:01+09:00,YOUTUBE,S18_u_Fyzxw,747.4,919.6,0,ルーマー,ポリスピカデリー,星街すいせい,
2019-09-23T01:01+09:00,YOUTUBE,S18_u_Fyzxw,1148.1,1309.7,1,雫,スキマスイッチ,星街すいせい,
2019-09-23T01:01+09:00,YOUTUBE,S18_u_Fyzxw,1401.0,1402.6,1,それは小さな光のような,さユり,星街すいせい,
2019-09-23T01:01+09:00,YOUTUBE,S18_u_Fyzxw,1436.8,1563.3,1,クレイジークレイジー,レイジー・レイジー,星街すいせい,
2019-09-23T01:01+09:00,YOUTUBE,S18_u_Fyzxw,1588.6,1651.3,1,Neo Sanctuary,fine,星街すいせい,
2019-09-23T01:01+09:00,YOUTUBE,S18_u_Fyzxw,1726.3,1875.0,1,Angel's Wing,fine,星街すいせい,
2019-09-23T01:01+09:00,YOUTUBE,S18_u_Fyzxw,1910.0,1922.6,1,Angel's Wing,fine,星街すいせい,
2019-09-23T01:01+09:00,YOUTUBE,S18_u_Fyzxw,2015.7,2084.3,1,Hotel Moonside,速水奏,星街すいせい,
2019-09-23T01:01+09:00,YOUTUBE,S18_u_Fyzxw,2111.7,2138.6,1,きらきら星,フランス童謡,星街すいせい,
2019-09-23T01:01+09:00,YOUTUBE,S18_u_Fyzxw,2158.0,2175.5,1,HEAVEN’S RAVE,AXiS,星街すいせい,
2019-09-23T01:01+09:00,YOUTUBE,S18_u_Fyzxw,2215.2,2541.8,0,from Y to Y,ジミーサムP,星街すいせい,
2019-09-23T01:01+09:00,YOUTUBE,S18_u_Fyzxw,2591.2,2815.0,0,心臓デモクラシー,みきとP,星街すいせい,
2019-09-23T01:01+09:00,YOUTUBE,S18_u_Fyzxw,2853.7,3100.5,0,小夜子,みきとP,星街すいせい,
2019-09-23T01:01+09:00,YOUTUBE,S18_u_Fyzxw,3148.0,3274.3,0,Just a game,takamatt,星街すいせい,
2019-09-23T01:01+09:00,YOUTUBE,S18_u_Fyzxw,3307.9,3383.0,0,刹那プラス,みきとP,星街すいせい,
2019-09-23T01:01+09:00,YOUTUBE,S18_u_Fyzxw,3390.8,3414.8,1,SPiCa,とくP,星街すいせい,
2019-09-23T01:01+09:00,YOUTUBE,S18_u_Fyzxw,3495.4,3591.4,0,デンドロビウム・ファレノプシス,蝶々P,星街すいせい,
2019-09-23T01:01+09:00,YOUTUBE,S18_u_Fyzxw,3652.1,3950.4,0,*ハロー、プラネット。,ささくれP,星街すいせい,
2019-09-23T01:01+09:00,YOUTUBE,S18_u_Fyzxw,4023.9,4231.5,0,唯々なりレイデエ,電ポルP,星街すいせい,
2019-09-23T01:01+09:00,YOUTUBE,S18_u_Fyzxw,4259.4,4270.4,1,吉原ラメント,亜沙,星街すいせい,
2019-09-23T01:01+09:00,YOUTUBE,S18_u_Fyzxw,4290.3,4509.4,0,乙女解剖,DECO*27,星街すいせい,
2019-09-23T01:01+09:00,YOUTUBE,S18_u_Fyzxw,4563.2,4846.8,0,少女レイ,みきとP,星街すいせい,
2019-09-23T01:01+09:00,YOUTUBE,S18_u_Fyzxw,4880.7,4967.4,1,Tryst of Stars,fine,星街すいせい,
2019-09-23T01:01+09:00,YOUTUBE,S18_u_Fyzxw,5089.4,5181.9,1,Silent Oath,Knights,星街すいせい,
2019-09-23T01:01+09:00,YOUTUBE,S18_u_Fyzxw,5217.4,5449.3,0,女の子は誰でも,東京事変,星街すいせい,
2019-09-23T01:01+09:00,YOUTUBE,S18_u_Fyzxw,5534.3,5540.6,1,ダダダダ天使,ナナヲアカリ,星街すいせい,
2019-09-23T01:01+09:00,YOUTUBE,S18_u_Fyzxw,5587.3,5655.1,1,StarRingChild,Aimer,星街すいせい,
2019-09-23T01:01+09:00,YOUTUBE,S18_u_Fyzxw,5712.3,5804.8,0,CLEAR,坂本真綾,星街すいせい,
2019-09-23T01:01+09:00,YOUTUBE,S18_u_Fyzxw,5826.1,5913.9,0,鏡面の波,YURiKA,星街すいせい,
2019-09-23T01:01+09:00,YOUTUBE,S18_u_Fyzxw,5985.2,5992.7,1,Dear,19's Sound Factory,星街すいせい,
2019-09-23T01:01+09:00,YOUTUBE,S18_u_Fyzxw,6039.5,6335.7,0,Starduster,ジミーサムP,星街すいせい,
2019-09-28T04:00+09:00,YOUTUBE,HJEQmwb1VwI,111.4,434.2,0,夏の半券,みきとP,星街すいせい,
2019-09-28T04:00+09:00,YOUTUBE,HJEQmwb1VwI,470.8,701.3,0,絶対的少年値,MI8k,星街すいせい,
2019-09-28T04:00+09:00,YOUTUBE,HJEQmwb1VwI,788.9,1138.4,0,再生,におP,星街すいせい,
2019-09-28T04:00+09:00,YOUTUBE,HJEQmwb1VwI,1175.7,1422.0,0,余所事,におP,星街すいせい,
2019-09-28T04:00+09:00,YOUTUBE,HJEQmwb1VwI,1468.1,1767.1,0,collapse,におP,星街すいせい,
2019-09-28T04:00+09:00,YOUTUBE,HJEQmwb1VwI,1883.3,2136.9,0,Tómur,におP,星街すいせい,
2019-09-28T04:00+09:00,YOUTUBE,HJEQmwb1VwI,2175.7,2425.8,0,東京駅,みきとP,星街すいせい,
2019-09-28T04:00+09:00,YOUTUBE,HJEQmwb1VwI,2461.9,2712.7,0,僕は初音ミクとキスをした,みきとP,星街すいせい,
2019-09-28T04:00+09:00,YOUTUBE,HJEQmwb1VwI,2757.2,3039.0,0,夢町コントラスト,電ポルP,星街すいせい,
2019-09-28T04:00+09:00,YOUTUBE,HJEQmwb1VwI,3176.3,3393.3,0,Ding-Dong,miksolodyne-ts,星街すいせい,
2019-10-03T18:00+09:00,YOUTUBE,xyXKJAZH_Pw,,,0,Shiny Smily Story,hololive IDOL PROJECT,"星街すいせい,友人A",
2019-10-23T20:04+09:00,YOUTUBE,K2SCXtWcldY,123.2,439.7,0,Pretender,Official髭男dism,星街すいせい,
2019-10-23T20:04+09:00,YOUTUBE,K2SCXtWcldY,473.8,752.4,0,Rain,秦基博,星街すいせい,
2019-10-23T20:04+09:00,YOUTUBE,K2SCXtWcldY,795.3,1086.8,0,good night,Every Little Thing,星街すいせい,
2019-10-23T20:04+09:00,YOUTUBE,K2SCXtWcldY,1127.0,1335.7,0,まもりたい 〜White Wishes〜,BoA,星街すいせい,
2019-10-23T20:04+09:00,YOUTUBE,K2SCXtWcldY,1454.3,1708.3,0,長く短い祭,椎名林檎,星街すいせい,
2019-10-23T20:04+09:00,YOUTUBE,K2SCXtWcldY,1763.6,2057.6,0,traveling,宇多田ヒカル,星街すいせい,
2019-10-23T20:04+09:00,YOUTUBE,K2SCXtWcldY,2142.8,2349.6,0,レーザービーム,Perfume,星街すいせい,
2019-10-23T20:04+09:00,YOUTUBE,K2SCXtWcldY,2566.9,2797.2,0,残酷な天使のテーゼ,高橋洋子,星街すいせい,
2019-10-23T20:04+09:00,YOUTUBE,K2SCXtWcldY,2877.8,3148.8,0,いけないボーダーライン,ワルキューレ,星街すいせい,
2019-10-23T20:04+09:00,YOUTUBE,K2SCXtWcldY,3315.1,3425.0,0,Starry Heavens,misono,星街すいせい,
2019-10-23T20:04+09:00,YOUTUBE,K2SCXtWcldY,3649.6,3900.2,1,蛍火,須藤まゆみ,星街すいせい,
2019-11-11T20:30+09:00,YOUTUBE,dPTeBvVJ_xY,,,0,覚醒,superfly,星街すいせい,
2019-11-14T22:31+09:00,YOUTUBE,F-iFZAtwkaU,111.0,430.9,0,Blindness,逆衝動P,星街すいせい,
2019-11-14T22:31+09:00,YOUTUBE,F-iFZAtwkaU,569.8,787.7,0,エンプレス=ディスコ,nyanyannya,星街すいせい,
2019-11-14T22:31+09:00,YOUTUBE,F-iFZAtwkaU,861.9,1085.9,0,ホワイトハッピー,極悪P,星街すいせい,
2019-11-14T22:31+09:00,YOUTUBE,F-iFZAtwkaU,1187.5,1390.5,0,阿吽のビーツ,羽生まゐご,星街すいせい,
2019-11-14T22:31+09:00,YOUTUBE,F-iFZAtwkaU,1434.5,1669.3,0,月陽-ツキアカリ-,みきとP,星街すいせい,
2019-11-14T22:31+09:00,YOUTUBE,F-iFZAtwkaU,1776.5,2046.5,0,パイロキネシス,saiB,星街すいせい,
2019-11-14T22:31+09:00,YOUTUBE,F-iFZAtwkaU,2117.8,2342.0,0,アフターナイト ワンダーランド,糞田舎P,星街すいせい,
2019-11-14T22:31+09:00,YOUTUBE,F-iFZAtwkaU,2397.3,2486.5,0,それがあなたの幸せとしても,Heavenz,星街すいせい,
2019-11-14T22:31+09:00,YOUTUBE,F-iFZAtwkaU,2668.0,2938.5,0,天樂,ゆうゆ,星街すいせい,
2019-11-14T22:31+09:00,YOUTUBE,F-iFZAtwkaU,3086.8,3326.3,0,君の体温,クワガタP,星街すいせい,
2019-11-14T22:31+09:00,YOUTUBE,F-iFZAtwkaU,3510.1,3742.7,0,Calc.,ジミーサムP,星街すいせい,
2019-11-14T22:31+09:00,YOUTUBE,F-iFZAtwkaU,3792.7,3885.7,0,お願いマッスル,"紗倉ひびき,街雄鳴造",星街すいせい,
2019-11-28T23:00+09:00,YOUTUBE,j9mA4fDz9Fc,1921.8,2102.4,0,公然の秘密,椎名林檎,星街すいせい,
2019-11-28T23:00+09:00,YOUTUBE,j9mA4fDz9Fc,2228.5,2449.3,0,生まれてはじめて,神田沙也加，松たか子,星街すいせい,
2019-11-28T23:00+09:00,YOUTUBE,j9mA4fDz9Fc,2513.2,2759.2,0,深海のリトルクライ,ささくれP,星街すいせい,
2019-12-01T20:08+09:00,YOUTUBE,EkBM9U51RSs,446.8,556.3,0,ガールズ・イン・ザ・フロンティア,設楽哲也,星街すいせい,
2019-12-01T20:08+09:00,YOUTUBE,EkBM9U51RSs,2724.9,3066.0,0,君の知らない物語,supercell,星街すいせい,
2019-12-03T22:00+09:00,YOUTUBE,67crYQHzd5o,142.6,355.9,0,群青日和,東京事変,星街すいせい,
2019-12-03T22:00+09:00,YOUTUBE,67crYQHzd5o,371.7,461.9,0,Here,JUNNA,星街すいせい,
2019-12-03T22:00+09:00,YOUTUBE,67crYQHzd5o,475.4,676.3,0,Arrietty's Song,Cecile Corbel,星街すいせい,
2019-12-03T22:00+09:00,YOUTUBE,67crYQHzd5o,716.1,1016.1,0,奈落の花,島みやえい子,星街すいせい,
2019-12-03T22:00+09:00,YOUTUBE,67crYQHzd5o,1315.0,1616.9,0,恋になりたいAQUARIUM,Aqours,星街すいせい,
2019-12-03T22:00+09:00,YOUTUBE,67crYQHzd5o,1685.7,1914.5,0,星間飛行,中島愛,星街すいせい,
2019-12-03T22:00+09:00,YOUTUBE,67crYQHzd5o,1967.7,2208.1,0,LOSER,米津玄師,星街すいせい,
2019-12-03T22:00+09:00,YOUTUBE,67crYQHzd5o,2249.6,2541.1,0,good night,Every Little Thing,星街すいせい,
2019-12-03T22:00+09:00,YOUTUBE,67crYQHzd5o,2647.1,2684.6,1,Beautiful World,宇多田ヒカル,星街すいせい,
2019-12-03T22:00+09:00,YOUTUBE,67crYQHzd5o,2705.1,2790.7,1,The Everlasting Guilty Crown,EGOIST,星街すいせい,
2019-12-03T22:00+09:00,YOUTUBE,67crYQHzd5o,2861.0,2957.8,1,色彩,坂本真綾,星街すいせい,
2019-12-03T22:00+09:00,YOUTUBE,67crYQHzd5o,3009.0,3065.7,1,Hotel Moonside,速水奏,星街すいせい,
2019-12-03T22:00+09:00,YOUTUBE,67crYQHzd5o,3103.4,3139.9,1,Fight for Judge,Knights,星街すいせい,
2019-12-03T22:00+09:00,YOUTUBE,67crYQHzd5o,3161.8,3190.6,1,Neo Sanctuary,fine,星街すいせい,
2019-12-03T22:00+09:00,YOUTUBE,67crYQHzd5o,3202.0,3294.1,0,カワキヲアメク,美波,星街すいせい,
2019-12-03T22:00+09:00,YOUTUBE,67crYQHzd5o,3422.6,3694.7,0,桜流し,宇多田ヒカル,星街すいせい,
2019-12-07T22:01+09:00,YOUTUBE,l197LkAq11k,328.9,432.4,1,ダイアモンドクレバス,シェリル・ノーム,星街すいせい,
2019-12-07T22:01+09:00,YOUTUBE,l197LkAq11k,524.3,678.9,1,光,宇多田ヒカル,星街すいせい,
2019-12-07T22:01+09:00,YOUTUBE,l197LkAq11k,729.7,869.1,1,key to my heart,倉木麻衣,星街すいせい,
2019-12-07T22:01+09:00,YOUTUBE,l197LkAq11k,941.3,953.2,1,キューティーハニー,倖田來未,星街すいせい,
2019-12-07T22:01+09:00,YOUTUBE,l197LkAq11k,965.0,1064.3,1,白日,King Gnu,星街すいせい,
2019-12-07T22:01+09:00,YOUTUBE,l197LkAq11k,1122.0,1212.5,1,消せない罪,北出菜奈,星街すいせい,
2019-12-07T22:01+09:00,YOUTUBE,l197LkAq11k,1244.1,1269.6,1,月蝕グランギニョル,ALI PROJECT,星街すいせい,
2019-12-07T22:01+09:00,YOUTUBE,l197LkAq11k,1305.3,1326.2,1,暗黒天国,ALI PROJECT,星街すいせい,
2019-12-07T22:01+09:00,YOUTUBE,l197LkAq11k,1371.5,1487.1,1,RE:I AM,Aimer,星街すいせい,
2019-12-07T22:01+09:00,YOUTUBE,l197LkAq11k,1577.2,1658.3,1,バベル,Dimension-3,星街すいせい,
2019-12-07T22:01+09:00,YOUTUBE,l197LkAq11k,1708.1,1834.2,1,Palette,ピンクチェックスクール,星街すいせい,
2019-12-07T22:01+09:00,YOUTUBE,l197LkAq11k,1927.9,1951.3,1,ありふれた悲しみの果て,絢瀬絵里,星街すいせい,
2019-12-07T22:01+09:00,YOUTUBE,l197LkAq11k,1981.5,2076.3,1,秘密のトワレ,一ノ瀬志希,星街すいせい,
2019-12-07T22:01+09:00,YOUTUBE,l197LkAq11k,2160.6,2262.2,1,Departures 〜あなたにおくるアイの歌〜,EGOIST,星街すいせい,
2019-12-07T22:01+09:00,YOUTUBE,l197LkAq11k,2290.0,2384.9,1,エウテルペ,EGOIST,星街すいせい,
2019-12-07T22:01+09:00,YOUTUBE,l197LkAq11k,2491.2,2552.5,1,ヴィーナスとジーザス,やくしまるえつこ,星街すいせい,
2019-12-07T22:01+09:00,YOUTUBE,l197LkAq11k,2582.4,2755.7,1,少年よ我に帰れ,やくしまるえつこ,星街すいせい,
2019-12-07T22:01+09:00,YOUTUBE,l197LkAq11k,2795.0,2878.2,1,はなびら,back number,星街すいせい,
2019-12-07T22:01+09:00,YOUTUBE,l197LkAq11k,2908.7,2923.2,1,HOT LIMIT,T.M.Revolution,星街すいせい,
2019-12-07T22:01+09:00,YOUTUBE,l197LkAq11k,2957.7,3037.8,1,だから僕は音楽を辞めた,ヨルシカ,星街すいせい,
2019-12-07T22:01+09:00,YOUTUBE,l197LkAq11k,3084.4,3144.1,1,メルティ♡キッチン,Ra*bits,星街すいせい,
2019-12-07T22:01+09:00,YOUTUBE,l197LkAq11k,3229.5,3309.4,1,Miracle Dream Traveler,fine,星街すいせい,
2019-12-07T22:01+09:00,YOUTUBE,l197LkAq11k,3365.1,3461.6,1,シャルル,バルーン,星街すいせい,
2019-12-07T22:01+09:00,YOUTUBE,l197LkAq11k,3485.9,3563.8,1,フラジール,ぬゆり,星街すいせい,
2019-12-07T22:01+09:00,YOUTUBE,l197LkAq11k,3593.3,3649.6,1,月光ステージ,ココアシガレットP,星街すいせい,
2019-12-07T22:01+09:00,YOUTUBE,l197LkAq11k,3708.7,3808.0,1,メルト,ryo,星街すいせい,
2019-12-07T22:01+09:00,YOUTUBE,l197LkAq11k,3842.1,3880.3,1,Tell Your World,kz,星街すいせい,
2019-12-07T22:01+09:00,YOUTUBE,l197LkAq11k,3913.3,3996.2,1,Daydream Warrior,Aqours,星街すいせい,
2019-12-07T22:01+09:00,YOUTUBE,l197LkAq11k,4009.1,4064.9,1,in this unstable world,Aqours,星街すいせい,
2019-12-07T22:01+09:00,YOUTUBE,l197LkAq11k,4140.8,4217.0,1,絶対生命final show女,東堂シオン,星街すいせい,
2019-12-07T22:01+09:00,YOUTUBE,l197LkAq11k,4234.5,4294.4,1,Red Flash Revolution,北条そふぃ,星街すいせい,
2019-12-07T22:01+09:00,YOUTUBE,l197LkAq11k,4329.9,4394.7,1,TRIal HEART～恋の違反チケット～,南みれぃ,星街すいせい,
2019-12-07T22:01+09:00,YOUTUBE,l197LkAq11k,4435.4,4513.4,1,それは小さな光のような,さユり,星街すいせい,
2019-12-07T22:01+09:00,YOUTUBE,l197LkAq11k,4547.5,4655.2,1,nth color,天羽ジュネ,星街すいせい,
2019-12-07T22:01+09:00,YOUTUBE,l197LkAq11k,4690.3,4721.2,1,Shibuya Marble Texture -PCCS-,シブヤ・ディビジョン,星街すいせい,
2019-12-07T22:01+09:00,YOUTUBE,l197LkAq11k,4738.8,4797.2,1,あゝオオサカdreamin' night,オオサカ・ディビジョン,星街すいせい,
2019-12-07T22:01+09:00,YOUTUBE,l197LkAq11k,4952.3,5052.3,1,鐘を鳴らして,BONNIE PINK,星街すいせい,
2019-12-07T22:01+09:00,YOUTUBE,l197LkAq11k,5137.2,5226.6,1,flying,GARNET CROW,星街すいせい,
2019-12-07T22:01+09:00,YOUTUBE,l197LkAq11k,5281.9,5362.7,1,本能,椎名林檎,星街すいせい,
2019-12-07T22:01+09:00,YOUTUBE,l197LkAq11k,5468.0,5535.2,1,Blue Moon,ほしな歌唄,星街すいせい,
2019-12-07T22:01+09:00,YOUTUBE,l197LkAq11k,5597.9,5622.7,1,魔理沙は大変なものを盗んでいきました,藤咲かりん,星街すいせい,
2019-12-07T22:01+09:00,YOUTUBE,l197LkAq11k,5694.7,5772.5,1,白い雪のプリンセスは,のぼる↑P,星街すいせい,
2019-12-07T22:01+09:00,YOUTUBE,l197LkAq11k,5836.5,5986.2,1,アスノヨゾラ哨戒班,Orangestar,星街すいせい,
2019-12-07T22:01+09:00,YOUTUBE,l197LkAq11k,6082.8,6130.5,1,ほうき星,ユンナ,星街すいせい,
2019-12-07T22:01+09:00,YOUTUBE,l197LkAq11k,6183.2,6217.8,1,＊ASTERISK,ORANGE RANGE,星街すいせい,
2019-12-07T22:01+09:00,YOUTUBE,l197LkAq11k,6224.9,6289.2,1,アフターダーク,ASIAN KUNG-FU GENERATION,星街すいせい,
2019-12-07T22:01+09:00,YOUTUBE,l197LkAq11k,6343.6,6361.4,1,Shiny Smily Story,hololive IDOL PROJECT,星街すいせい,
2019-12-13T23:22+09:00,TWITTER,1205493315048628229,,,1,礼賛歌,Valkyrie,星街すいせい,
2019-12-15T00:59+09:00,TWITTER,1205879960319119360,,,1,少年少女モラトリアムサヴァイヴ,西沢さんP,星街すいせい,
2019-12-20T20:09+09:00,TWITTER,1207981423530930176,,,1,Neo Sanctuary,fine,星街すいせい,
2019-12-25T21:02+09:00,YOUTUBE,jnJQaj-dzCE,581.6,678.9,1,Lemon,米津玄師,星街すいせい,
2019-12-25T21:02+09:00,YOUTUBE,jnJQaj-dzCE,738.6,836.0,1,夢であるように,DEEN,星街すいせい,
2019-12-25T21:02+09:00,YOUTUBE,jnJQaj-dzCE,883.2,977.4,1,クリスマスソング,back number,星街すいせい,
2019-12-25T21:02+09:00,YOUTUBE,jnJQaj-dzCE,1009.0,1075.3,1,初めての恋が終わる時,ryo,星街すいせい,
2019-12-25T21:02+09:00,YOUTUBE,jnJQaj-dzCE,1181.8,1262.2,1,Snow halation,μ's,星街すいせい,
2019-12-25T21:02+09:00,YOUTUBE,jnJQaj-dzCE,1377.3,1455.7,1,Sunday Morning,Maroon 5,星街すいせい,
2019-12-25T21:02+09:00,YOUTUBE,jnJQaj-dzCE,1666.3,1774.7,1,アイネクライネ,米津玄師,星街すいせい,
2019-12-25T21:02+09:00,YOUTUBE,jnJQaj-dzCE,1932.6,1991.2,1,凛として咲く花の如く,pop'n music,星街すいせい,
2019-12-25T21:02+09:00,YOUTUBE,jnJQaj-dzCE,2083.5,2187.7,1,Can You Keep A Secret?,宇多田ヒカル,星街すいせい,
2019-12-25T21:02+09:00,YOUTUBE,jnJQaj-dzCE,2260.8,2329.4,1,蒼に躊躇う,花鋏キョウ,星街すいせい,
2019-12-25T21:02+09:00,YOUTUBE,jnJQaj-dzCE,2351.4,2431.9,1,Be mine!,坂本真綾,星街すいせい,
2019-12-25T21:02+09:00,YOUTUBE,jnJQaj-dzCE,2535.5,2613.8,1,Magia,Kalafina,星街すいせい,
2019-12-25T21:02+09:00,YOUTUBE,jnJQaj-dzCE,2671.0,2744.2,1,深い森,Do As Infinity,星街すいせい,
2019-12-25T21:02+09:00,YOUTUBE,jnJQaj-dzCE,2816.5,2909.0,1,TAO,Do As Infinity,星街すいせい,
2019-12-25T21:02+09:00,YOUTUBE,jnJQaj-dzCE,2948.7,3040.3,1,雨とアスファルト,40㍍P,星街すいせい,
2019-12-25T21:02+09:00,YOUTUBE,jnJQaj-dzCE,3074.4,3082.9,1,津軽海峡・冬景色,石川さゆり,星街すいせい,
2019-12-25T21:02+09:00,YOUTUBE,jnJQaj-dzCE,3125.0,3130.7,1,小さきもの,林明日香,星街すいせい,
2019-12-25T21:02+09:00,YOUTUBE,jnJQaj-dzCE,3144.5,3152.6,1,天城越え,石川さゆり,星街すいせい,
2019-12-25T21:02+09:00,YOUTUBE,jnJQaj-dzCE,3171.2,3188.4,1,初恋 limited,marble,星街すいせい,
2019-12-25T21:02+09:00,YOUTUBE,jnJQaj-dzCE,3235.2,3286.3,1,ダダダダ天使,ナナヲアカリ,星街すいせい,
2019-12-25T21:02+09:00,YOUTUBE,jnJQaj-dzCE,3336.3,3425.3,1,蛍火,須藤まゆみ,星街すいせい,
2019-12-25T21:02+09:00,YOUTUBE,jnJQaj-dzCE,3506.4,3596.0,1,夜明けと蛍,ナブナ,星街すいせい,
2019-12-27T17:14+09:00,TWITTER,1210474131143053312,,,1,La La Meltic StAr,メルティックスター,星街すいせい,
2019-12-29T19:00+09:00,YOUTUBE,_PpTrPbRg0U,,,0,コワレヤスキ,Guilty Kiss,"出雲霞,星街すいせい,堰代ミコ",
2020-01-02T19:41+09:00,TWITTER,1212685216814231552,,,1,祭夜絵巻,紅月,星街すいせい,
2020-01-07T23:00+09:00,YOUTUBE,MOyqbQ_X63k,111.5,372.9,0,Stay Alive,エミリア,星街すいせい,
2020-01-07T23:00+09:00,YOUTUBE,MOyqbQ_X63k,581.6,671.5,0,平行線,さユり,星街すいせい,
2020-01-07T23:00+09:00,YOUTUBE,MOyqbQ_X63k,678.6,751.7,0,ミカヅキ,さユり,星街すいせい,
2020-01-07T23:00+09:00,YOUTUBE,MOyqbQ_X63k,751.7,1015.1,0,それは小さな光のような,さユり,星街すいせい,
2020-01-07T23:00+09:00,YOUTUBE,MOyqbQ_X63k,1103.2,1315.9,0,おとなの掟,Doughnuts Hole,星街すいせい,
2020-01-07T23:00+09:00,YOUTUBE,MOyqbQ_X63k,1331.6,1553.1,0,神様、仏様,椎名林檎,星街すいせい,
2020-01-07T23:00+09:00,YOUTUBE,MOyqbQ_X63k,1561.5,1825.8,0,Kiss & Cry,宇多田ヒカル,星街すいせい,
2020-01-07T23:00+09:00,YOUTUBE,MOyqbQ_X63k,1832.8,2121.4,0,This Is Love,宇多田ヒカル,星街すいせい,
2020-01-07T23:00+09:00,YOUTUBE,MOyqbQ_X63k,2139.1,2393.2,0,LOVE! THUNDER GLOW,ワルキューレ,星街すいせい,
2020-01-07T23:00+09:00,YOUTUBE,MOyqbQ_X63k,2474.9,2661.6,0,Rolling Star,YUI,星街すいせい,
2020-01-07T23:00+09:00,YOUTUBE,MOyqbQ_X63k,2668.2,2914.7,0,完全感覚Dreamer,ONE OK ROCK,星街すいせい,
2020-01-07T23:00+09:00,YOUTUBE,MOyqbQ_X63k,2918.0,3108.9,0,アフターダーク,ASIAN KUNG-FU GENERATION,星街すいせい,
2020-01-07T23:00+09:00,YOUTUBE,MOyqbQ_X63k,3112.7,3337.4,0,リライト,ASIAN KUNG-FU GENERATION,星街すいせい,
2020-01-07T23:00+09:00,YOUTUBE,MOyqbQ_X63k,3361.1,3623.4,0,fake town baby,UNISON SQUARE GARDEN,星街すいせい,
2020-01-07T23:00+09:00,YOUTUBE,MOyqbQ_X63k,3875.6,4096.5,0,丸の内サディスティック,椎名林檎,星街すいせい,
2020-01-21T18:41+09:00,TWITTER,1219555640936292352,,,1,冬空プレシャス,"片桐早苗,難波笑美,姫川友紀",星街すいせい,
2020-01-23T23:00+09:00,YOUTUBE,oIfwhsO-0Pk,91.4,311.6,0,丸の内サディスティック,椎名林檎,星街すいせい,
2020-01-23T23:00+09:00,YOUTUBE,oIfwhsO-0Pk,415.7,764.2,0,ダイアモンドクレバス,シェリル・ノーム,星街すいせい,
2020-01-23T23:00+09:00,YOUTUBE,oIfwhsO-0Pk,826.8,1050.2,0,いのちの名前,木村弓,星街すいせい,
2020-01-23T23:00+09:00,YOUTUBE,oIfwhsO-0Pk,1175.8,1475.9,0,アイスクリーム シンドローム,スキマスイッチ,星街すいせい,
2020-01-23T23:00+09:00,YOUTUBE,oIfwhsO-0Pk,1548.8,1812.6,0,破滅の純情,ワルキューレ,星街すいせい,
2020-01-23T23:00+09:00,YOUTUBE,oIfwhsO-0Pk,1949.4,2023.8,1,I remember you,YUI,星街すいせい,
2020-01-23T23:00+09:00,YOUTUBE,oIfwhsO-0Pk,2100.2,2348.6,0,again,YUI,星街すいせい,
2020-01-23T23:00+09:00,YOUTUBE,oIfwhsO-0Pk,2351.5,2619.3,0,HANABI,いきものがかり,星街すいせい,
2020-01-23T23:00+09:00,YOUTUBE,oIfwhsO-0Pk,2625.1,2825.6,0,カルマ,BUMP OF CHICKEN,星街すいせい,
2020-01-23T23:00+09:00,YOUTUBE,oIfwhsO-0Pk,2832.8,3068.4,0,光のロック,サンボマスター,星街すいせい,
2020-01-23T23:00+09:00,YOUTUBE,oIfwhsO-0Pk,3107.1,3337.1,0,星間飛行,中島愛,星街すいせい,
2020-01-26T20:00+09:00,YOUTUBE,qcQ9k7A5TDM,,,0,エイリアンエイリアン,ナユタン星人,"出雲霞,星街すいせい,堰代ミコ",
2020-01-31T19:58+09:00,BILIBILI,BV1U7411s7X1,247.6,513.1,0,サリシノハラ,みきとP,星街すいせい,
2020-01-31T19:58+09:00,BILIBILI,BV1U7411s7X1,549.5,831.9,0,少女レイ,みきとP,星街すいせい,
2020-01-31T19:58+09:00,BILIBILI,BV1U7411s7X1,971.0,1194.8,0,ホワイトハッピー,極悪P,星街すいせい,
2020-01-31T19:58+09:00,BILIBILI,BV1U7411s7X1,1236.8,1460.3,0,Palette,"ゆよゆっぺ,meola",星街すいせい,
2020-01-31T19:58+09:00,BILIBILI,BV1U7411s7X1,1521.1,1693.4,0,ルーマー,ポリスピカデリー,星街すいせい,
2020-01-31T19:58+09:00,BILIBILI,BV1U7411s7X1,1768.0,1982.7,0,丸の内サディスティック,椎名林檎,星街すいせい,
2020-01-31T19:58+09:00,BILIBILI,BV1U7411s7X1,2085.2,2336.0,0,光のロック,サンボマスター,星街すいせい,
2020-01-31T19:58+09:00,BILIBILI,BV1U7411s7X1,2356.6,2655.0,0,新宝島,サカナクション,星街すいせい,
2020-01-31T19:58+09:00,BILIBILI,BV1U7411s7X1,2717.0,3015.5,0,ライオン,"May'n,中島愛",星街すいせい,
2020-01-31T19:58+09:00,BILIBILI,BV1U7411s7X1,3093.6,3347.8,0,シュガーソングとビターステップ,UNISON SQUARE GARDEN,星街すいせい,
2020-01-31T19:58+09:00,BILIBILI,BV1U7411s7X1,3394.7,3657.0,0,fake town baby,UNISON SQUARE GARDEN,星街すいせい,
2020-02-01T20:00+09:00,YOUTUBE,oO640PwG6u0,827.9,1025.8,0,ノーダウト,Official髭男dism,星街すいせい,
2020-02-01T20:00+09:00,YOUTUBE,oO640PwG6u0,1872.6,1878.2,1,CAN YOU CELEBRATE?,安室奈美恵,星街すいせい,
2020-02-01T20:00+09:00,YOUTUBE,oO640PwG6u0,1956.5,2200.5,0,鐘を鳴らして,BONNIE PINK,星街すいせい,
2020-02-01T20:00+09:00,YOUTUBE,oO640PwG6u0,2628.6,2719.7,0,お願いマッスル,"紗倉ひびき,街雄鳴造",星街すいせい,
2020-02-01T20:00+09:00,YOUTUBE,oO640PwG6u0,2862.3,2958.0,1,Tryst of Stars,fine,星街すいせい,
2020-02-01T20:00+09:00,YOUTUBE,oO640PwG6u0,2989.0,2997.6,1,Crazy Roulette,Crazy:B,星街すいせい,
2020-02-01T20:00+09:00,YOUTUBE,oO640PwG6u0,3062.2,3327.3,0,NEO STREAM,ワルキューレ,星街すいせい,
2020-02-08T22:05+09:00,YOUTUBE,SkUeNL2SLus,106.2,389.4,0,逆光,坂本真綾,星街すいせい,
2020-02-08T22:05+09:00,YOUTUBE,SkUeNL2SLus,477.0,773.0,4,タイム・リミット,宇多田ヒカル,星街すいせい,"VARCHIVE,D702ydNX,464.0,760.0"
2020-02-08T22:05+09:00,YOUTUBE,SkUeNL2SLus,777.6,1069.0,0,光,宇多田ヒカル,星街すいせい,
2020-02-08T22:05+09:00,YOUTUBE,SkUeNL2SLus,1135.6,1363.6,0,深い森,Do As Infinity,星街すいせい,
2020-02-08T22:05+09:00,YOUTUBE,SkUeNL2SLus,1429.6,1652.9,0,行くぜっ!怪盗少女,ももいろクローバー,星街すいせい,
2020-02-08T22:05+09:00,YOUTUBE,SkUeNL2SLus,1707.0,1926.4,0,GENIE,少女時代,星街すいせい,
2020-02-08T22:05+09:00,YOUTUBE,SkUeNL2SLus,2000.7,2275.2,0,シザーハンズ,Nem,星街すいせい,
2020-02-08T22:05+09:00,YOUTUBE,SkUeNL2SLus,2315.8,2640.5,0,炉心融解,iroha,星街すいせい,
2020-02-08T22:05+09:00,YOUTUBE,SkUeNL2SLus,2673.6,2918.2,0,きらきら武士,"レキシ,椎名林檎",星街すいせい,
2020-02-08T22:05+09:00,YOUTUBE,SkUeNL2SLus,2990.8,3224.4,0,NIPPON,椎名林檎,星街すいせい,
2020-02-08T22:05+09:00,YOUTUBE,SkUeNL2SLus,3238.8,3493.8,0,シュガーソングとビターステップ,UNISON SQUARE GARDEN,星街すいせい,
2020-02-08T22:05+09:00,YOUTUBE,SkUeNL2SLus,4043.2,4326.3,0,逆光,坂本真綾,星街すいせい,
2020-02-22T23:01+09:00,YOUTUBE,nxmcY_ODlYk,135.4,419.9,0,キャットフード,doriko,星街すいせい,
2020-02-22T23:01+09:00,YOUTUBE,nxmcY_ODlYk,591.3,801.8,0,Lonesome cat 2,もちーべP,星街すいせい,
2020-02-22T23:01+09:00,YOUTUBE,nxmcY_ODlYk,832.0,1071.3,0,トカレフと少女,もちーべP,星街すいせい,
2020-02-22T23:01+09:00,YOUTUBE,nxmcY_ODlYk,1184.2,1382.9,0,気まぐれメルシィ,八王子P,星街すいせい,
2020-02-22T23:01+09:00,YOUTUBE,nxmcY_ODlYk,1472.5,1689.5,0,ショットガン・ラヴァーズ,のぼる↑P,星街すいせい,
2020-02-22T23:01+09:00,YOUTUBE,nxmcY_ODlYk,1755.1,1961.6,0,BitCrushe,ドラ,星街すいせい,
2020-02-22T23:01+09:00,YOUTUBE,nxmcY_ODlYk,2073.2,2309.9,0,-ERROR,niki,星街すいせい,
2020-02-22T23:01+09:00,YOUTUBE,nxmcY_ODlYk,2451.4,2499.5,1,ECHO,Crusher,星街すいせい,
2020-02-22T23:01+09:00,YOUTUBE,nxmcY_ODlYk,3419.1,3577.1,1,天球、彗星は夜を跨いで,星街すいせい,星街すいせい,
2020-02-22T23:01+09:00,YOUTUBE,nxmcY_ODlYk,3600.8,3883.1,0,バッド・ダンス・ホール,カラスヤサボウ,星街すいせい,
2020-02-22T23:01+09:00,YOUTUBE,nxmcY_ODlYk,3888.4,4079.7,0,めめめめめ,ちんたら,星街すいせい,
2020-02-22T23:01+09:00,YOUTUBE,nxmcY_ODlYk,4099.4,4398.2,0,"Fairytale,",buzzG,星街すいせい,
2020-02-22T23:01+09:00,YOUTUBE,nxmcY_ODlYk,4408.7,4638.8,0,エンヴィキャットウォーク,トーマ,星街すいせい,
2020-02-28T19:01+09:00,YOUTUBE,rbkjVA6Fjh0,4872.8,5135.8,0,破滅の純情,ワルキューレ,星街すいせい,
2020-02-28T19:01+09:00,YOUTUBE,rbkjVA6Fjh0,5745.4,6041.9,0,コワレヤスキ,Guilty Kiss,星街すいせい,
2020-02-28T19:01+09:00,YOUTUBE,rbkjVA6Fjh0,6764.7,7064.6,0,ライオン,"May'n,中島愛","星街すいせい,常闇トワ",
2020-02-29T21:00+09:00,YOUTUBE,bE2oZdUH_ps,,,0,神のまにまに,れるりり,"出雲霞,星街すいせい,堰代ミコ",
2020-03-01T20:59+09:00,YOUTUBE,FZnG1t34wCs,99.9,351.0,0,天球、彗星は夜を跨いで,星街すいせい,星街すいせい,
2020-03-01T20:59+09:00,YOUTUBE,FZnG1t34wCs,570.2,838.6,0,NEO STREAM,ワルキューレ,星街すいせい,
2020-03-01T20:59+09:00,YOUTUBE,FZnG1t34wCs,866.3,1127.9,0,Absolute 5,ワルキューレ,星街すいせい,
2020-03-01T20:59+09:00,YOUTUBE,FZnG1t34wCs,1151.0,1491.3,0,射手座☆午後九時Don't be late,シェリル・ノーム,星街すいせい,
2020-03-01T20:59+09:00,YOUTUBE,FZnG1t34wCs,1747.1,1999.2,0,共鳴世界の存在論,二宮飛鳥,星街すいせい,
2020-03-01T20:59+09:00,YOUTUBE,FZnG1t34wCs,2020.5,2348.2,0,Hotel Moonside,速水奏,星街すいせい,
2020-03-01T20:59+09:00,YOUTUBE,FZnG1t34wCs,2387.0,2655.8,0,Daydream Warrior,Aqours,星街すいせい,
2020-03-01T20:59+09:00,YOUTUBE,FZnG1t34wCs,2836.2,2839.6,1,LA·LA·LA· LOVE SONG,久保田利伸,星街すいせい,
2020-03-01T20:59+09:00,YOUTUBE,FZnG1t34wCs,2923.0,3209.6,0,キラメキライダー☆,hololive IDOL PROJECT,星街すいせい,
2020-03-01T20:59+09:00,YOUTUBE,FZnG1t34wCs,3240.1,3483.5,0,comet,星街すいせい,星街すいせい,
2020-03-14T21:00+09:00,YOUTUBE,LQNcPHQ2WvU,142.6,399.7,0,僕らの戦場,ワルキューレ,星街すいせい,
2020-03-14T21:00+09:00,YOUTUBE,LQNcPHQ2WvU,508.0,760.9,0,涙目爆発音,ワルキューレ,星街すいせい,
2020-03-14T21:00+09:00,YOUTUBE,LQNcPHQ2WvU,769.2,1027.8,0,Absolute 5,ワルキューレ,星街すいせい,
2020-03-14T21:00+09:00,YOUTUBE,LQNcPHQ2WvU,1034.8,1269.2,0,紅蓮華,LiSA,星街すいせい,
2020-03-14T21:00+09:00,YOUTUBE,LQNcPHQ2WvU,1324.7,1560.2,0,不確定性☆COSMIC MOVEMENT,ワルキューレ,星街すいせい,
2020-03-14T21:00+09:00,YOUTUBE,LQNcPHQ2WvU,1894.2,2177.3,0,逆光,坂本真綾,星街すいせい,
2020-03-14T21:00+09:00,YOUTUBE,LQNcPHQ2WvU,2206.8,2568.1,0,風は予告なく吹く,ワルキューレ,星街すいせい,
2020-03-14T21:00+09:00,YOUTUBE,LQNcPHQ2WvU,2595.4,2888.4,0,Angelic Angel,μ's,星街すいせい,
2020-03-14T21:00+09:00,YOUTUBE,LQNcPHQ2WvU,2926.3,3235.6,0,ノーザンクロス,シェリル・ノーム,星街すいせい,
2020-03-15T20:07+09:00,TWITTER,1239146084712083456,,,1,砂上ノ楼閣,Valkyrie,"星街すいせい,戌亥とこ",
2020-03-19T19:56+09:00,YOUTUBE,g-c51J0uidI,5291.3,5542.5,0,天球、彗星は夜を跨いで,星街すいせい,星街すいせい,
2020-03-19T19:56+09:00,YOUTUBE,g-c51J0uidI,5556.0,5794.4,0,Red Flash Revolution,北条そふぃ,星街すいせい,
2020-03-19T19:56+09:00,YOUTUBE,g-c51J0uidI,6010.6,6251.1,0,Shadow gate to love,Guilty Kiss,星街すいせい,
2020-03-19T19:56+09:00,YOUTUBE,g-c51J0uidI,6253.3,6487.3,0,Miracle Dream Traveler,fine,星街すいせい,
2020-03-19T19:56+09:00,YOUTUBE,g-c51J0uidI,6607.1,6887.9,0,nth color,天羽ジュネ,星街すいせい,
2020-03-19T19:56+09:00,YOUTUBE,g-c51J0uidI,8148.7,8356.2,0,CHE.R.RY,YUI,"アメノセイ,星街すいせい,鈴代ここね,鈴代つきね,響かさね",
2020-03-19T19:56+09:00,YOUTUBE,g-c51J0uidI,8486.7,8725.8,0,千本桜,黒うさP,"アメノセイ,星街すいせい,鈴代ここね,鈴代つきね,響かさね",
2020-03-21T20:18+09:00,YOUTUBE,n6QlQN_jl-4,151.3,394.5,0,comet,星街すいせい,星街すいせい,
2020-03-21T20:18+09:00,YOUTUBE,n6QlQN_jl-4,435.5,687.0,0,天球、彗星は夜を跨いで,星街すいせい,星街すいせい,
2020-03-21T20:18+09:00,YOUTUBE,n6QlQN_jl-4,886.0,1122.1,0,夢見る空へ,hololive IDOL PROJECT,星街すいせい,
2020-03-21T20:18+09:00,YOUTUBE,n6QlQN_jl-4,1169.3,1435.5,0,二時間だけのバカンス,"宇多田ヒカル,椎名林檎","星街すいせい,天音かなた",
2020-03-21T20:18+09:00,YOUTUBE,n6QlQN_jl-4,1723.7,1914.6,0,目抜き通り,"椎名林檎,トータス松本","星街すいせい,天音かなた",
2020-03-21T20:18+09:00,YOUTUBE,n6QlQN_jl-4,2071.6,2297.4,0,Play Sound☆,メルティックスター,"星街すいせい,姉街",
2020-03-21T20:18+09:00,YOUTUBE,n6QlQN_jl-4,2321.4,2592.1,0,New Romantic Sailors,Guilty Kiss,"星街すいせい,姉街",
2020-03-21T20:18+09:00,YOUTUBE,n6QlQN_jl-4,2839.7,3058.6,0,Knights the Phantom Thief,Knights,"星街すいせい,白上フブキ,夏色まつり",
2020-03-21T20:18+09:00,YOUTUBE,n6QlQN_jl-4,3078.8,3314.3,0,佐賀事変,フランシュシュ,"星街すいせい,兎田ぺこら,不知火フレア,白銀ノエル,宝鐘マリン,潤羽るしあ",
2020-03-21T20:18+09:00,YOUTUBE,n6QlQN_jl-4,3339.4,3563.2,0,Trust me,THE IDOLM@STER CINDERELLA GIRLS!!,星街すいせい,
2020-03-21T20:18+09:00,YOUTUBE,n6QlQN_jl-4,3593.6,3845.7,0,Get Over Dress-code,DressingPafé,星街すいせい,
2020-03-21T20:18+09:00,YOUTUBE,n6QlQN_jl-4,4162.8,4429.6,0,NEXT COLOR PLANET,星街すいせい,星街すいせい,
2020-03-22T20:00+09:00,YOUTUBE,vQHVGXdcqEQ,,,0,NEXT COLOR PLANET,星街すいせい,星街すいせい,
2020-03-24T22:30+09:00,YOUTUBE,NZ4bo5Wy3v4,158.2,417.3,0,理想論,におP,星街すいせい,
2020-03-24T22:30+09:00,YOUTUBE,NZ4bo5Wy3v4,429.0,590.2,0,再生,におP,星街すいせい,
2020-03-24T22:30+09:00,YOUTUBE,NZ4bo5Wy3v4,615.0,829.8,0,深海のリトルクライ,ささくれP,星街すいせい,
2020-03-24T22:30+09:00,YOUTUBE,NZ4bo5Wy3v4,842.1,1087.3,0,バスケットワーム,ナポリP,星街すいせい,
2020-03-24T22:30+09:00,YOUTUBE,NZ4bo5Wy3v4,1103.4,1347.5,0,ラブ＆デストロイ,ナポリP,星街すいせい,
2020-03-24T22:30+09:00,YOUTUBE,NZ4bo5Wy3v4,1352.1,1559.0,0,世田谷ナイトサファリ,みきとP,星街すいせい,
2020-03-24T22:30+09:00,YOUTUBE,NZ4bo5Wy3v4,1572.5,1854.5,0,ピアノ×フォルテ×スキャンダル,OSTER project,星街すいせい,
2020-03-24T22:30+09:00,YOUTUBE,NZ4bo5Wy3v4,1904.8,2132.6,0,アルビノ,buzzG,星街すいせい,
2020-03-24T22:30+09:00,YOUTUBE,NZ4bo5Wy3v4,2143.8,2332.6,0,快晴,Orangestar,星街すいせい,
2020-03-24T22:30+09:00,YOUTUBE,NZ4bo5Wy3v4,2847.8,3028.3,0,モザイクロール,DECO*27,星街すいせい,
2020-03-24T22:30+09:00,YOUTUBE,NZ4bo5Wy3v4,3055.8,3324.3,0,ユートピア,KEI,星街すいせい,
2020-03-25T21:00+09:00,BILIBILI,BV1N7411y7hn,326.9,551.2,0,ロキ,みきとP,星街すいせい,
2020-03-25T21:00+09:00,BILIBILI,BV1N7411y7hn,557.9,793.2,0,紅蓮華,LiSA,星街すいせい,
2020-03-25T21:00+09:00,BILIBILI,BV1N7411y7hn,800.9,1032.2,0,拍手喝采歌合,supercell,星街すいせい,
2020-03-25T21:00+09:00,BILIBILI,BV1N7411y7hn,1171.0,1477.2,0,名前のない怪物,EGOIST,星街すいせい,
2020-03-25T21:00+09:00,BILIBILI,BV1N7411y7hn,1535.7,1857.0,0,The Everlasting Guilty Crown,EGOIST,星街すいせい,
2020-03-25T21:00+09:00,BILIBILI,BV1N7411y7hn,1894.7,2148.3,0,Departures 〜あなたにおくるアイの歌〜,EGOIST,星街すいせい,
2020-03-25T21:00+09:00,BILIBILI,BV1N7411y7hn,2218.0,2477.5,0,もうそうえくすぷれす,千石撫子,星街すいせい,
2020-03-25T21:00+09:00,BILIBILI,BV1N7411y7hn,2550.7,2738.0,0,ヴィーナスとジーザス,やくしまるえつこ,星街すいせい,
2020-03-25T21:00+09:00,BILIBILI,BV1N7411y7hn,2834.0,3130.9,0,君の銀の庭,Kalafina,星街すいせい,
2020-03-25T21:00+09:00,BILIBILI,BV1N7411y7hn,3183.7,3403.5,0,丸の内サディスティック,椎名林檎,星街すいせい,
2020-03-25T21:00+09:00,BILIBILI,BV1N7411y7hn,3479.8,3667.8,0,いかないで,想太,星街すいせい,
2020-03-30T19:00+09:00,YOUTUBE,19f2skdHhcE,,,0,エンゼルフィッシュ,パトリチェフ,"星街すいせい,天音かなた",
2020-04-04T21:01+09:00,YOUTUBE,IRr6aAS3zLQ,114.0,413.2,0,新宝島,サカナクション,星街すいせい,
2020-04-04T21:01+09:00,YOUTUBE,IRr6aAS3zLQ,488.6,747.2,0,チェリー,スピッツ,星街すいせい,
2020-04-04T21:01+09:00,YOUTUBE,IRr6aAS3zLQ,772.0,1007.1,0,海の幽霊,米津玄師,星街すいせい,
2020-04-04T21:01+09:00,YOUTUBE,IRr6aAS3zLQ,1015.7,1255.8,0,LOSER,米津玄師,星街すいせい,
2020-04-04T21:01+09:00,YOUTUBE,IRr6aAS3zLQ,1305.0,1526.4,0,UNION,OxT,星街すいせい,
2020-04-04T21:01+09:00,YOUTUBE,IRr6aAS3zLQ,1566.0,1773.8,0,まもりたい 〜White Wishes〜,BoA,星街すいせい,
2020-04-04T21:01+09:00,YOUTUBE,IRr6aAS3zLQ,1883.4,1983.2,1,flying,GARNET CROW,星街すいせい,
2020-04-04T21:01+09:00,YOUTUBE,IRr6aAS3zLQ,2031.7,2222.7,0,夢であるように,DEEN,星街すいせい,
2020-04-04T21:01+09:00,YOUTUBE,IRr6aAS3zLQ,2241.0,2592.8,0,冒険彗星,榎本くるみ,星街すいせい,
2020-04-04T21:01+09:00,YOUTUBE,IRr6aAS3zLQ,2608.5,2842.9,0,愛を伝えたいだとか,あいみょん,星街すいせい,
2020-04-04T21:01+09:00,YOUTUBE,IRr6aAS3zLQ,2901.4,3120.1,0,Knights the Phantom Thief,Knights,星街すいせい,
2020-04-04T21:01+09:00,YOUTUBE,IRr6aAS3zLQ,3179.8,3422.0,0,だから僕は音楽を辞めた,ヨルシカ,星街すいせい,
2020-04-12T17:07+09:00,YOUTUBE,mW69UH5bGuc,,,0,丸の内サディスティック,椎名林檎,星街すいせい,"YOUTUBE,GC0y5emudEc,434.5,649.0"
2020-04-12T17:22+09:00,YOUTUBE,zEAe9D3A9G0,,,0,やさしさに包まれたなら,松任谷由実,"星街すいせい,夏色まつり","YOUTUBE,Si6Pa_9Fo20,620.2,824"
2020-04-15T21:02+09:00,YOUTUBE,LyyvAhTt_I4,138.0,329.0,0,アフターダーク,ASIAN KUNG-FU GENERATION,星街すいせい,
2020-04-15T21:02+09:00,YOUTUBE,LyyvAhTt_I4,334.4,594.7,0,ALONES,Aqua Timez,星街すいせい,
2020-04-15T21:02+09:00,YOUTUBE,LyyvAhTt_I4,600.5,825.2,0,リライト,ASIAN KUNG-FU GENERATION,星街すいせい,
2020-04-15T21:02+09:00,YOUTUBE,LyyvAhTt_I4,980.7,1243.3,0,fake town baby,UNISON SQUARE GARDEN,星街すいせい,
2020-04-15T21:02+09:00,YOUTUBE,LyyvAhTt_I4,1256.4,1485.5,0,シャルル,バルーン,星街すいせい,
2020-04-15T21:02+09:00,YOUTUBE,LyyvAhTt_I4,1492.5,1735.0,0,だから僕は音楽を辞めた,ヨルシカ,星街すいせい,
2020-04-15T21:02+09:00,YOUTUBE,LyyvAhTt_I4,1742.0,1990.0,0,chAngE,Miwa,星街すいせい,
2020-04-15T21:02+09:00,YOUTUBE,LyyvAhTt_I4,1998.0,2170.8,0,アスノヨゾラ哨戒班,Orangestar,星街すいせい,
2020-04-15T21:02+09:00,YOUTUBE,LyyvAhTt_I4,2406.2,2604.0,0,ノーダウト,Official髭男dism,星街すいせい,
2020-04-15T21:02+09:00,YOUTUBE,LyyvAhTt_I4,2607.2,2882.8,0,宿命,Official髭男dism,星街すいせい,
2020-04-15T21:02+09:00,YOUTUBE,LyyvAhTt_I4,2887.2,3148.2,0,ないものねだり,KANA-BOON,星街すいせい,
2020-04-15T21:02+09:00,YOUTUBE,LyyvAhTt_I4,3160.4,3396.0,0,シルエット,KANA-BOON,星街すいせい,
2020-04-19T17:07+09:00,YOUTUBE,0gjwTnryqII,,,0,君の知らない物語,supercell,"星街すいせい,夏色まつり","YOUTUBE,hi3_fWJOjbU,425.0,759.8"
2020-04-19T17:20+09:00,YOUTUBE,UzWdBvjkTsA,,,0,変わらないもの,奥華子,"星街すいせい,夏色まつり","YOUTUBE,rUr2pgn9Icg,470.9,745.9"
2020-04-21T19:16+09:00,YOUTUBE,Nc3KBd5eCrI,118.3,341.2,0,いのちの名前,木村弓,星街すいせい,
2020-04-21T19:16+09:00,YOUTUBE,Nc3KBd5eCrI,366.4,685.5,0,"rain stops, good-bye",におP,星街すいせい,
2020-04-21T19:16+09:00,YOUTUBE,Nc3KBd5eCrI,743.5,1010.2,0,夕立のりぼん,みきとP,星街すいせい,
2020-04-21T19:16+09:00,YOUTUBE,Nc3KBd5eCrI,1096.7,1341.2,0,小夜子,みきとP,星街すいせい,
2020-04-21T19:16+09:00,YOUTUBE,Nc3KBd5eCrI,1452.6,1770.2,0,まとい,みきとP,星街すいせい,
2020-04-21T19:16+09:00,YOUTUBE,Nc3KBd5eCrI,1853.4,1936.8,0,少女レイ,みきとP,星街すいせい,
2020-04-21T19:16+09:00,YOUTUBE,Nc3KBd5eCrI,1990.0,2111.8,0,アイネクライネ,米津玄師,星街すいせい,
2020-04-21T19:16+09:00,YOUTUBE,Nc3KBd5eCrI,2160.0,2380.0,0,いかないで,想太,星街すいせい,
2020-04-21T19:16+09:00,YOUTUBE,Nc3KBd5eCrI,2538.4,2557.0,1,花ざかりWeekend✿,4 Luxury,星街すいせい,
2020-04-21T19:16+09:00,YOUTUBE,Nc3KBd5eCrI,2616.4,2723.8,0,深海少女,ゆうゆ,星街すいせい,
2020-04-30T20:05+09:00,YOUTUBE,Rc9TP9qfUFk,,,8,スタンドバイミー,the peggies,星街すいせい,
2020-05-04T20:24+09:00,YOUTUBE,KjEAw24LTdc,58.6,290.4,0,月陽-ツキアカリ-,みきとP,星街すいせい,
2020-05-04T20:24+09:00,YOUTUBE,KjEAw24LTdc,310.8,580.1,0,天樂,ゆうゆ,星街すいせい,
2020-05-04T20:24+09:00,YOUTUBE,KjEAw24LTdc,596.7,894.3,0,Aquila,逆衝動P,星街すいせい,
2020-05-04T20:24+09:00,YOUTUBE,KjEAw24LTdc,965.2,1148.5,0,シャンパーニュ・デイ,ナナホシ管弦楽団,星街すいせい,
2020-05-04T20:24+09:00,YOUTUBE,KjEAw24LTdc,1196.7,1412.7,0,敗北の少年,kemu,星街すいせい,
2020-05-04T20:24+09:00,YOUTUBE,KjEAw24LTdc,1457.6,1678.6,0,ロキ,みきとP,星街すいせい,
2020-05-04T20:24+09:00,YOUTUBE,KjEAw24LTdc,1860.2,2055.8,0,ベノム,かいりきベア,星街すいせい,
2020-05-08T21:01+09:00,YOUTUBE,2i5T7dzYJBw,91.4,404.2,0,名前のない怪物,EGOIST,星街すいせい,
2020-05-08T21:01+09:00,YOUTUBE,2i5T7dzYJBw,572.4,805.4,0,丸の内サディスティック,椎名林檎,星街すいせい,
2020-05-08T21:01+09:00,YOUTUBE,2i5T7dzYJBw,816.5,996.9,0,公然の秘密,椎名林檎,星街すいせい,
2020-05-08T21:01+09:00,YOUTUBE,2i5T7dzYJBw,1005.8,1186.2,0,能動的三分間,東京事変,星街すいせい,
2020-05-08T21:01+09:00,YOUTUBE,2i5T7dzYJBw,1199.8,1451.4,0,本能,椎名林檎,星街すいせい,
2020-05-08T21:01+09:00,YOUTUBE,2i5T7dzYJBw,1484.1,1802.9,0,青春の瞬き,"椎名林檎,栗山千明",星街すいせい,
2020-05-08T21:01+09:00,YOUTUBE,2i5T7dzYJBw,1832.5,2042.6,0,群青日和,東京事変,星街すいせい,
2020-05-08T21:01+09:00,YOUTUBE,2i5T7dzYJBw,2104.4,2471.0,0,さよならメモリーズ,supercell,星街すいせい,
2020-05-08T21:01+09:00,YOUTUBE,2i5T7dzYJBw,2556.4,2831.2,0,いけないボーダーライン,ワルキューレ,星街すいせい,
2020-05-08T21:01+09:00,YOUTUBE,2i5T7dzYJBw,2892.7,3092.4,0,ブリキノダンス,日向電工,星街すいせい,
2020-05-08T21:01+09:00,YOUTUBE,2i5T7dzYJBw,3120.7,3331.8,0,インフェルノ,Mrs. GREEN APPLE,星街すいせい,
2020-05-27T19:00+09:00,YOUTUBE,-wNSFmqhQsU,,,0,佐賀事変,フランシュシュ,"星街すいせい,兎田ぺこら,不知火フレア,白銀ノエル,宝鐘マリン,潤羽るしあ",
2020-05-28T22:01+09:00,YOUTUBE,dl1OGDDrmFc,114.8,306.1,0,永遠の不在証明,東京事変,星街すいせい,
2020-05-28T22:01+09:00,YOUTUBE,dl1OGDDrmFc,556.4,749.2,0,夜に駆ける,YOASOBI,星街すいせい,
2020-05-28T22:01+09:00,YOUTUBE,dl1OGDDrmFc,823.0,1098.9,0,お勉強しといてよ,ずっと真夜中でいいのに。,星街すいせい,
2020-05-28T22:01+09:00,YOUTUBE,dl1OGDDrmFc,1172.3,1411.0,0,イジワルしないで 抱きしめてよ,Juice=Juice,星街すいせい,
2020-05-28T22:01+09:00,YOUTUBE,dl1OGDDrmFc,1581.7,1667.5,0,Sunday Morning,Maroon 5,星街すいせい,
2020-05-28T22:01+09:00,YOUTUBE,dl1OGDDrmFc,1706.2,1978.3,0,桜流し,宇多田ヒカル,星街すいせい,
2020-05-28T22:01+09:00,YOUTUBE,dl1OGDDrmFc,2002.4,2286.1,0,逆光,坂本真綾,星街すいせい,
2020-05-28T22:01+09:00,YOUTUBE,dl1OGDDrmFc,2308.9,2544.0,0,A Perfect Sky,BONNIE PINK,星街すいせい,
2020-05-28T22:01+09:00,YOUTUBE,dl1OGDDrmFc,2609.6,2852.0,0,鐘を鳴らして,BONNIE PINK,星街すいせい,
2020-05-28T22:01+09:00,YOUTUBE,dl1OGDDrmFc,2858.7,3150.3,0,good night,Every Little Thing,星街すいせい,
2020-05-28T22:01+09:00,YOUTUBE,dl1OGDDrmFc,3163.5,3441.4,0,夢であるように,DEEN,星街すいせい,
2020-05-28T22:01+09:00,YOUTUBE,dl1OGDDrmFc,3565.7,3788.4,0,約束,如月千早,星街すいせい,
2020-05-29T22:03+09:00,YOUTUBE,Ae56pES-i8M,3745.9,3774.5,1,ライオン,"May'n,中島愛","天音かなた,星街すいせい",
2020-05-30T21:01+09:00,YOUTUBE,_lXFpwo4Jek,1596.0,1606.5,1,アツクナレ,フランシュシュ,星街すいせい,
2020-05-30T21:01+09:00,YOUTUBE,_lXFpwo4Jek,2110.2,2125.9,1,おどるポンポコリン,B.B.クィーンズ,星街すいせい,
2020-05-30T21:01+09:00,YOUTUBE,_lXFpwo4Jek,2211.5,2222.7,1,グラスアート,パトリチェフ,星街すいせい,
2020-05-30T21:01+09:00,YOUTUBE,_lXFpwo4Jek,3996.1,4004.0,1,paradøx,花鋏キョウ,星街すいせい,
2020-06-05T18:22+09:00,YOUTUBE,F2Pw9IpYPfg,1517.7,1524.6,1,Mémoire Antique,Valkyrie,星街すいせい,
2020-06-07T23:00+09:00,YOUTUBE,n0ieG2D_qaU,377.3,462.8,1,夜明けと蛍,ナブナ,星街すいせい,
2020-06-07T23:00+09:00,YOUTUBE,n0ieG2D_qaU,660.5,761.4,1,文学少年の憂鬱,ほえほえP,星街すいせい,
2020-06-07T23:00+09:00,YOUTUBE,n0ieG2D_qaU,830.0,943.0,1,ノルニル,やくしまるえつこ,星街すいせい,
2020-06-07T23:00+09:00,YOUTUBE,n0ieG2D_qaU,1005.4,1091.2,1,こいかぜ,高垣楓,星街すいせい,
2020-06-07T23:00+09:00,YOUTUBE,n0ieG2D_qaU,1127.0,1138.9,1,Study Equal Magic!,S.E.M,星街すいせい,
2020-06-07T23:00+09:00,YOUTUBE,n0ieG2D_qaU,1187.4,1280.1,1,雨とカプチーノ,ヨルシカ,星街すいせい,
2020-06-07T23:00+09:00,YOUTUBE,n0ieG2D_qaU,1357.2,1447.1,1,Dreaming bird,白銀リリィ,星街すいせい,
2020-06-07T23:00+09:00,YOUTUBE,n0ieG2D_qaU,1491.6,1552.5,1,"SEVENDAYS LOVE, SEVENDAYS FRIEND","りんね,天羽ジュネ",星街すいせい,
2020-06-07T23:00+09:00,YOUTUBE,n0ieG2D_qaU,1659.8,1673.3,1,バラライカ,月島きらり,星街すいせい,
2020-06-07T23:00+09:00,YOUTUBE,n0ieG2D_qaU,1687.6,1708.7,1,一番の宝物,Lia,星街すいせい,
2020-06-07T23:00+09:00,YOUTUBE,n0ieG2D_qaU,1741.8,1806.2,1,命に嫌われている。,カンザキイオリ,星街すいせい,
2020-06-07T23:00+09:00,YOUTUBE,n0ieG2D_qaU,1847.3,1857.8,1,ハム太郎とっとこうた,ハムちゃんず,星街すいせい,
2020-06-07T23:00+09:00,YOUTUBE,n0ieG2D_qaU,1890.6,1960.8,1,テルーの唄,手嶌葵,星街すいせい,
2020-06-07T23:00+09:00,YOUTUBE,n0ieG2D_qaU,1970.7,1976.4,1,愛にできることはまだあるかい,RADWIMPS,星街すいせい,
2020-06-07T23:00+09:00,YOUTUBE,n0ieG2D_qaU,2042.8,2051.9,1,ファンサ,mona,星街すいせい,
2020-06-07T23:00+09:00,YOUTUBE,n0ieG2D_qaU,2062.0,2124.9,1,THE GENESIS,Eden,星街すいせい,
2020-06-07T23:00+09:00,YOUTUBE,n0ieG2D_qaU,2159.7,2242.6,1,ラブノベルス,BiBi,星街すいせい,
2020-06-07T23:00+09:00,YOUTUBE,n0ieG2D_qaU,2255.9,2261.0,1,世界に一つだけの花,SMAP,星街すいせい,
2020-06-07T23:00+09:00,YOUTUBE,n0ieG2D_qaU,2293.9,2382.2,1,乱舞のメロディ,シド,星街すいせい,
2020-06-07T23:00+09:00,YOUTUBE,n0ieG2D_qaU,2469.1,2568.6,1,チェンジ!!!!!,ワルキューレ,星街すいせい,
2020-06-07T23:00+09:00,YOUTUBE,n0ieG2D_qaU,2631.5,2736.6,1,夜空はなんでも知ってるの?,CYaRon!,星街すいせい,
2020-06-07T23:00+09:00,YOUTUBE,n0ieG2D_qaU,2800.1,2900.3,1,餞の鳥,D/Zeal,星街すいせい,
2020-06-07T23:00+09:00,YOUTUBE,n0ieG2D_qaU,2981.5,3087.3,1,今宵月の館にて,Valkyrie,星街すいせい,
2020-06-07T23:00+09:00,YOUTUBE,n0ieG2D_qaU,3223.8,3295.3,1,夜咄ディセイブ,じん,星街すいせい,
2020-06-07T23:00+09:00,YOUTUBE,n0ieG2D_qaU,3356.7,3430.4,1,青空のラプソディ,fhána,星街すいせい,
2020-06-07T23:00+09:00,YOUTUBE,n0ieG2D_qaU,3476.5,3535.4,1,Fire◎Flower,halyosy,星街すいせい,
2020-06-07T23:00+09:00,YOUTUBE,n0ieG2D_qaU,3656.8,3813.2,1,未熟DREAMER,Aqours,星街すいせい,
2020-06-07T23:00+09:00,YOUTUBE,n0ieG2D_qaU,4033.8,4126.2,1,恐山ル・ヴォワール,恐山アンナ,星街すいせい,
2020-06-07T23:00+09:00,YOUTUBE,n0ieG2D_qaU,4140.2,4152.8,1,無責任ヒーロー,関ジャニ∞,星街すいせい,
2020-06-07T23:00+09:00,YOUTUBE,n0ieG2D_qaU,4191.6,4250.3,1,ルーマー,ポリスピカデリー,星街すいせい,
2020-06-07T23:00+09:00,YOUTUBE,n0ieG2D_qaU,4263.7,4304.6,1,＊ASTERISK,ORANGE RANGE,星街すいせい,
2020-06-07T23:00+09:00,YOUTUBE,n0ieG2D_qaU,4322.6,4347.2,1,月光,鬼束ちひろ,星街すいせい,
2020-06-07T23:00+09:00,YOUTUBE,n0ieG2D_qaU,4401.6,4479.8,1,heavenly blue,Kalafina,星街すいせい,
2020-06-07T23:00+09:00,YOUTUBE,n0ieG2D_qaU,4531.9,4604.6,1,火炎,女王蜂,星街すいせい,
2020-06-07T23:00+09:00,YOUTUBE,n0ieG2D_qaU,4644.8,4706.3,1,フィクサー,ぬゆり,星街すいせい,
2020-06-07T23:00+09:00,YOUTUBE,n0ieG2D_qaU,4733.8,4851.4,1,RE:I AM,Aimer,星街すいせい,
2020-06-07T23:00+09:00,YOUTUBE,n0ieG2D_qaU,4893.7,4973.7,1,深海シティアンダーグラウンド,田中B,星街すいせい,
2020-06-07T23:00+09:00,YOUTUBE,n0ieG2D_qaU,4981.6,5008.3,1,ルパン三世のテーマ,"Pete Mac, Jr.",星街すいせい,
2020-06-07T23:00+09:00,YOUTUBE,n0ieG2D_qaU,5053.1,5147.0,1,Melody in the Dark,UNDEAD,星街すいせい,
2020-06-07T23:00+09:00,YOUTUBE,n0ieG2D_qaU,5242.3,5314.9,1,魅惑劇,Valkyrie,星街すいせい,
2020-06-07T23:00+09:00,YOUTUBE,n0ieG2D_qaU,5381.0,5470.5,1,エウテルペ,EGOIST,星街すいせい,
2020-06-07T23:00+09:00,YOUTUBE,n0ieG2D_qaU,5662.7,5756.2,1,翼モラトリアム,ALKALOID,星街すいせい,
2020-06-07T23:00+09:00,YOUTUBE,n0ieG2D_qaU,5785.8,5788.3,1,そして僕にできるコト,misono,星街すいせい,
2020-06-07T23:00+09:00,YOUTUBE,n0ieG2D_qaU,5814.6,5884.1,1,TAO,Do As Infinity,星街すいせい,
2020-06-07T23:00+09:00,YOUTUBE,n0ieG2D_qaU,5902.8,5947.0,1,光と影,植村花菜,星街すいせい,
2020-06-07T23:00+09:00,YOUTUBE,n0ieG2D_qaU,6010.3,6133.2,1,蛍火,須藤まゆみ,星街すいせい,
2020-06-07T23:00+09:00,YOUTUBE,n0ieG2D_qaU,6149.8,6167.2,1,V.I.P,シド,星街すいせい,
2020-06-07T23:00+09:00,YOUTUBE,n0ieG2D_qaU,6181.7,6243.2,1,ゴーストルール,DECO*27,星街すいせい,
2020-06-07T23:00+09:00,YOUTUBE,n0ieG2D_qaU,6259.3,6284.0,1,このピアノでお前を8759632145回ぶん殴る,SLAVE.V-V-R,星街すいせい,
2020-06-07T23:00+09:00,YOUTUBE,n0ieG2D_qaU,6294.5,6401.4,1,さよならアンドロメダ,"渋谷凛,森久保乃々,大和亜季",星街すいせい,
2020-06-07T23:00+09:00,YOUTUBE,n0ieG2D_qaU,6444.8,6454.9,1,Rain,秦基博,星街すいせい,
2020-06-07T23:00+09:00,YOUTUBE,n0ieG2D_qaU,6500.4,6578.6,1,幽霊東京,Ayase,星街すいせい,
2020-06-07T23:00+09:00,YOUTUBE,n0ieG2D_qaU,6674.1,6735.5,1,打上花火,"DAOKO,米津玄師",星街すいせい,
2020-06-07T23:00+09:00,YOUTUBE,n0ieG2D_qaU,6766.8,6783.3,1,デートプランA to Z,√AtoZ,星街すいせい,
2020-06-07T23:00+09:00,YOUTUBE,n0ieG2D_qaU,6817.3,6875.9,1,Crow Song,Girls Dead Monster,星街すいせい,
2020-06-07T23:00+09:00,YOUTUBE,n0ieG2D_qaU,6882.4,6984.4,1,Magia,Kalafina,星街すいせい,
2020-06-07T23:00+09:00,YOUTUBE,n0ieG2D_qaU,7057.5,7127.3,1,礼賛歌,Valkyrie,星街すいせい,
2020-06-07T23:00+09:00,YOUTUBE,n0ieG2D_qaU,7141.2,7144.8,1,真っ赤な誓い,福山芳樹,星街すいせい,
2020-06-07T23:00+09:00,YOUTUBE,n0ieG2D_qaU,7144.8,7164.2,1,アンパンマンのマーチ,ドリーミング,星街すいせい,
2020-06-07T23:00+09:00,YOUTUBE,n0ieG2D_qaU,7175.6,7186.8,1,トライアングラー,坂本真綾,星街すいせい,
2020-06-07T23:00+09:00,YOUTUBE,n0ieG2D_qaU,7206.6,7238.3,1,Silent Oath,Knights,星街すいせい,
2020-06-07T23:00+09:00,YOUTUBE,n0ieG2D_qaU,7255.3,7269.1,1,天城越え,石川さゆり,星街すいせい,
2020-06-07T23:00+09:00,YOUTUBE,n0ieG2D_qaU,7284.7,7360.1,1,アライブファクター,"如月千早,最上静香",星街すいせい,
2020-06-07T23:00+09:00,YOUTUBE,n0ieG2D_qaU,7541.7,7632.6,1,Departures 〜あなたにおくるアイの歌〜,EGOIST,星街すいせい,
2020-06-08T22:26+09:00,YOUTUBE,NFibwWbQm1Y,79.0,109.3,3,かえるのうた,岡本敏明,"天音かなた,星街すいせい",
2020-06-08T22:26+09:00,YOUTUBE,NFibwWbQm1Y,257.8,482.1,2,ロキ,みきとP,"天音かなた,星街すいせい",
2020-06-08T22:26+09:00,YOUTUBE,NFibwWbQm1Y,564.2,583.2,3,かえるのうた,岡本敏明,"天音かなた,星街すいせい",
2020-06-08T22:26+09:00,YOUTUBE,NFibwWbQm1Y,592.3,614.1,3,かえるのうた,岡本敏明,"天音かなた,星街すいせい",
2020-06-08T22:26+09:00,YOUTUBE,NFibwWbQm1Y,644.0,665.6,3,かえるのうた,岡本敏明,"天音かなた,星街すいせい",
2020-06-08T22:26+09:00,YOUTUBE,NFibwWbQm1Y,720.0,739.0,3,かえるのうた,岡本敏明,"天音かなた,星街すいせい",
2020-06-08T22:26+09:00,YOUTUBE,NFibwWbQm1Y,767.1,786.3,3,かえるのうた,岡本敏明,"天音かなた,星街すいせい",
2020-06-08T22:26+09:00,YOUTUBE,NFibwWbQm1Y,898.6,1138.0,2,イジワルしないで 抱きしめてよ,Juice=Juice,"天音かなた,星街すいせい",
2020-06-08T22:26+09:00,YOUTUBE,NFibwWbQm1Y,1380.1,1402.0,3,イジワルしないで 抱きしめてよ,Juice=Juice,"天音かなた,星街すいせい",
2020-06-08T22:26+09:00,YOUTUBE,NFibwWbQm1Y,1526.1,1758.8,0,月陽-ツキアカリ-,みきとP,"天音かなた,星街すいせい",
2020-06-08T22:26+09:00,YOUTUBE,NFibwWbQm1Y,1899.0,1923.4,1,magnet,流星P,"天音かなた,星街すいせい",
2020-06-08T22:26+09:00,YOUTUBE,NFibwWbQm1Y,1976.2,2215.9,0,magnet,流星P,"天音かなた,星街すいせい",
2020-06-08T22:26+09:00,YOUTUBE,NFibwWbQm1Y,2349.5,2647.6,0,ライオン,"May'n,中島愛","天音かなた,星街すいせい",
2020-06-08T22:26+09:00,YOUTUBE,NFibwWbQm1Y,2741.3,3020.0,0,トライアングラー,坂本真綾,"天音かなた,星街すいせい",
2020-06-08T22:26+09:00,YOUTUBE,NFibwWbQm1Y,3108.4,3120.2,1,MAMBO No 5,PEREZ PRADO,"天音かなた,星街すいせい",
2020-06-08T22:26+09:00,YOUTUBE,NFibwWbQm1Y,3121.4,3354.1,0,月陽-ツキアカリ-,みきとP,"天音かなた,星街すいせい",
2020-06-08T22:26+09:00,YOUTUBE,NFibwWbQm1Y,3460.8,3685.3,0,ロキ,みきとP,"天音かなた,星街すいせい",
2020-06-08T22:26+09:00,YOUTUBE,NFibwWbQm1Y,3802.4,4024.9,0,獣ゆく細道,"椎名林檎,宮本浩次","天音かなた,星街すいせい",
2020-06-08T22:26+09:00,YOUTUBE,NFibwWbQm1Y,4098.1,4352.2,0,長く短い祭,椎名林檎,"天音かなた,星街すいせい",
2020-06-08T22:26+09:00,YOUTUBE,NFibwWbQm1Y,4522.6,4717.3,0,目抜き通り,"椎名林檎,トータス松本","天音かなた,星街すいせい",
2020-06-08T22:26+09:00,YOUTUBE,NFibwWbQm1Y,4896.1,5126.9,0,劣等上等,Giga,"天音かなた,星街すいせい",
2020-06-08T22:26+09:00,YOUTUBE,NFibwWbQm1Y,5349.8,5587.2,0,エンゼルフィッシュ,パトリチェフ,"天音かなた,星街すいせい",
2020-06-08T22:26+09:00,YOUTUBE,NFibwWbQm1Y,5657.6,5683.0,1,かえるのうた,岡本敏明,"天音かなた,星街すいせい",
2020-06-09T22:01+09:00,YOUTUBE,OsocHv-2IJc,130.1,341.4,0,群青日和,東京事変,星街すいせい,
2020-06-09T22:01+09:00,YOUTUBE,OsocHv-2IJc,449.2,725.2,0,罪と罰,椎名林檎,星街すいせい,
2020-06-09T22:01+09:00,YOUTUBE,OsocHv-2IJc,803.0,1036.6,0,NIPPON,椎名林檎,星街すいせい,
2020-06-09T22:01+09:00,YOUTUBE,OsocHv-2IJc,1094.6,1350.9,0,永遠の不在証明,東京事変,星街すいせい,
2020-06-09T22:01+09:00,YOUTUBE,OsocHv-2IJc,1412.0,1427.4,1,今夜はから騒ぎ,東京事変,星街すいせい,
2020-06-09T22:01+09:00,YOUTUBE,OsocHv-2IJc,1441.2,1655.4,0,おとなの掟,Doughnuts Hole,星街すいせい,
2020-06-09T22:01+09:00,YOUTUBE,OsocHv-2IJc,1709.5,1942.0,0,女の子は誰でも,東京事変,星街すいせい,
2020-06-09T22:01+09:00,YOUTUBE,OsocHv-2IJc,1979.8,2160.1,0,能動的三分間,東京事変,星街すいせい,
2020-06-09T22:01+09:00,YOUTUBE,OsocHv-2IJc,2233.7,2479.6,0,きらきら武士,"レキシ,椎名林檎",星街すいせい,
2020-06-09T22:01+09:00,YOUTUBE,OsocHv-2IJc,2535.7,2788.2,0,本能,椎名林檎,星街すいせい,
2020-06-09T22:01+09:00,YOUTUBE,OsocHv-2IJc,2816.3,3039.4,0,神様、仏様,椎名林檎,星街すいせい,
2020-06-09T22:01+09:00,YOUTUBE,OsocHv-2IJc,3055.9,3374.5,0,青春の瞬き,"椎名林檎,栗山千明",星街すいせい,
2020-06-09T22:01+09:00,YOUTUBE,OsocHv-2IJc,3384.4,3607.0,0,丸の内サディスティック,椎名林檎,星街すいせい,
2020-06-13T01:01+09:00,YOUTUBE,U84Pn69RIy0,74.3,313.7,0,深昏睡,春野,星街すいせい,
2020-06-13T01:01+09:00,YOUTUBE,U84Pn69RIy0,411.2,671.2,0,翡翠のまち,メル,星街すいせい,
2020-06-13T01:01+09:00,YOUTUBE,U84Pn69RIy0,744.0,987.8,0,記憶の水槽,こんにちは谷田さん,星街すいせい,
2020-06-13T01:01+09:00,YOUTUBE,U84Pn69RIy0,1028.3,1276.2,0,余所事,におP,星街すいせい,
2020-06-13T01:01+09:00,YOUTUBE,U84Pn69RIy0,1333.1,1586.6,0,Tómur,におP,星街すいせい,
2020-06-13T01:01+09:00,YOUTUBE,U84Pn69RIy0,1650.0,1953.6,0,solitude,向日葵紅蓮,星街すいせい,
2020-06-13T01:01+09:00,YOUTUBE,U84Pn69RIy0,2006.7,2322.0,0,You and beautiful world,ゆよゆっぺ,星街すいせい,
2020-06-13T01:01+09:00,YOUTUBE,U84Pn69RIy0,2370.8,2634.8,0,そらのサカナ,ぽわぽわP,星街すいせい,
2020-06-13T01:01+09:00,YOUTUBE,U84Pn69RIy0,2687.6,3004.9,0,S・K・Y,ライブP,星街すいせい,
2020-06-15T20:00+09:00,YOUTUBE,H1D_xTnXvSE,283.6,509.4,0,行くぜっ!怪盗少女,ももいろクローバー,星街すいせい,
2020-06-15T20:00+09:00,YOUTUBE,H1D_xTnXvSE,588.2,889.0,0,アイスクリーム シンドローム,スキマスイッチ,星街すいせい,
2020-06-15T20:00+09:00,YOUTUBE,H1D_xTnXvSE,980.3,1223.0,0,めざせポケモンマスター,松本梨香,星街すいせい,
2020-06-15T20:00+09:00,YOUTUBE,H1D_xTnXvSE,1334.2,1605.0,0,メリッサ,ポルノグラフィティ,星街すいせい,
2020-06-15T20:00+09:00,YOUTUBE,H1D_xTnXvSE,1700.0,1933.0,0,シャルル,バルーン,星街すいせい,
2020-06-15T20:00+09:00,YOUTUBE,H1D_xTnXvSE,2007.9,2256.0,0,花に亡霊,ヨルシカ,星街すいせい,
2020-06-15T20:00+09:00,YOUTUBE,H1D_xTnXvSE,2339.8,2650.7,0,ノーザンクロス,シェリル・ノーム,星街すいせい,
2020-06-15T20:00+09:00,YOUTUBE,H1D_xTnXvSE,2741.9,2964.6,0,UNION,OxT,星街すいせい,
2020-06-15T20:00+09:00,YOUTUBE,H1D_xTnXvSE,3031.2,3282.0,0,シュガーソングとビターステップ,UNISON SQUARE GARDEN,星街すいせい,
2020-06-15T21:27+09:00,BILIBILI,BV1zg4y1q7Z7,350.6,599.1,0,again,YUI,星街すいせい,
2020-06-15T21:27+09:00,BILIBILI,BV1zg4y1q7Z7,645.6,914.0,0,雨とカプチーノ,ヨルシカ,星街すいせい,
2020-06-15T21:27+09:00,BILIBILI,BV1zg4y1q7Z7,967.3,1269.8,0,Kiss & Cry,宇多田ヒカル,星街すいせい,
2020-06-15T21:27+09:00,BILIBILI,BV1zg4y1q7Z7,1302.7,1558.2,0,"NO, Thank You!",秋山澪,星街すいせい,
2020-06-15T21:27+09:00,BILIBILI,BV1zg4y1q7Z7,1610.4,1920.3,0,ノーザンクロス,シェリル・ノーム,星街すいせい,
2020-06-15T21:27+09:00,BILIBILI,BV1zg4y1q7Z7,1986.7,2303.9,0,Pretender,Official髭男dism,星街すいせい,
2020-06-15T21:27+09:00,BILIBILI,BV1zg4y1q7Z7,2371.9,2621.5,0,だから僕は音楽を辞めた,ヨルシカ,星街すいせい,
2020-06-15T21:27+09:00,BILIBILI,BV1zg4y1q7Z7,2666.2,2894.2,0,深い森,Do As Infinity,星街すいせい,
2020-06-15T21:27+09:00,BILIBILI,BV1zg4y1q7Z7,2952.1,3190.0,0,光のロック,サンボマスター,星街すいせい,
2020-06-15T21:27+09:00,BILIBILI,BV1zg4y1q7Z7,3327.5,3445.2,0,Pieces,星街すいせい,星街すいせい,
2020-06-17T18:57+09:00,YOUTUBE,KKwm8FQmHPw,165.8,418.8,0,天球、彗星は夜を跨いで,星街すいせい,星街すいせい,
2020-06-17T18:57+09:00,YOUTUBE,KKwm8FQmHPw,1800.0,2054.5,0,夢をのぞいたら,THE IDOLM@STER CINDERELLA GIRLS!!,"星街すいせい,もこ田めめめ,花鋏キョウ",
2020-06-17T18:57+09:00,YOUTUBE,KKwm8FQmHPw,2074.7,2312.0,0,∀NSWER,"早坂美玲,森久保乃々,星輝子","星街すいせい,もこ田めめめ,花鋏キョウ",
2020-06-17T18:57+09:00,YOUTUBE,KKwm8FQmHPw,2330.5,2596.5,0,"夏色えがおで1,2,Jump!",μ's,"星街すいせい,もこ田めめめ,花鋏キョウ",
2020-06-17T18:57+09:00,YOUTUBE,KKwm8FQmHPw,2614.4,2849.7,0,Mermaid festa vol.1,μ's,"星街すいせい,もこ田めめめ,花鋏キョウ",
2020-06-17T18:57+09:00,YOUTUBE,KKwm8FQmHPw,2865.6,3133.3,0,雨とカプチーノ,ヨルシカ,"星街すいせい,もこ田めめめ,花鋏キョウ",
2020-06-17T18:57+09:00,YOUTUBE,KKwm8FQmHPw,3152.5,3397.8,0,夜に駆ける,YOASOBI,"星街すいせい,もこ田めめめ,花鋏キョウ",
2020-06-17T18:57+09:00,YOUTUBE,KKwm8FQmHPw,3912.8,4115.9,0,群青日和,東京事変,星街すいせい,
2020-06-17T18:57+09:00,YOUTUBE,KKwm8FQmHPw,5338.8,5540.5,0,星街すいせいのMUSIC SPACEテーマソング,星街すいせい,"星街すいせい,もこ田めめめ,花鋏キョウ",
2020-06-17T18:57+09:00,YOUTUBE,KKwm8FQmHPw,5558.2,5818.2,0,NEXT COLOR PLANET,星街すいせい,"星街すいせい,もこ田めめめ,花鋏キョウ",
2020-06-17T18:57+09:00,YOUTUBE,KKwm8FQmHPw,5835.1,6076.1,0,FuwaMoko→LIFE!,もこ田めめめ,"星街すいせい,もこ田めめめ,花鋏キョウ",
2020-06-17T18:57+09:00,YOUTUBE,KKwm8FQmHPw,6086.7,6278.2,0,蒼に躊躇う,花鋏キョウ,"星街すいせい,もこ田めめめ,花鋏キョウ",
2020-06-20T20:58+09:00,YOUTUBE,APN3rNzfNnw,1517.4,1856.8,0,君の知らない物語,supercell,"夏色まつり,星街すいせい",
2020-06-21T17:21+09:00,YOUTUBE,Larp5AeS1n0,,,0,いただきます,ひま食堂,"星街すいせい,ひま食堂","YOUTUBE,ADPxcfOTlbE,182.7,405.6"
2020-06-22T17:10+09:00,TWITTER,1274978034576048129,,,1,それがあなたの幸せとしても,Heavenz,星街すいせい,
2020-06-25T18:47+09:00,TWITTER,1276089611052171264,,,1,紅蓮華,LiSA,星街すいせい,
2020-06-25T20:57+09:00,BILIBILI,BV1iV411k7jw,730.0,954.3,0,乱舞のメロディ,シド,星街すいせい,
2020-06-25T20:57+09:00,BILIBILI,BV1iV411k7jw,1438.1,1466.3,1,ルンがピカッと光ったら,ワルキューレ,星街すいせい,
2020-06-25T20:57+09:00,BILIBILI,BV1iV411k7jw,1476.8,1838.2,0,風は予告なく吹く,ワルキューレ,星街すいせい,
2020-06-25T20:57+09:00,BILIBILI,BV1iV411k7jw,3014.8,3250.5,0,シルエット,KANA-BOON,星街すいせい,
2020-06-25T20:57+09:00,BILIBILI,BV1iV411k7jw,3328.5,3583.3,0,"NO, Thank You!",秋山澪,星街すいせい,
2020-06-26T19:26+09:00,TWITTER,1276461774083026944,,,1,UNSTOPPABLE,RAISE A SUILEN,星街すいせい,
2020-06-28T17:07+09:00,YOUTUBE,0QCwa98NVq4,,,0,NEXT COLOR PLANET,星街すいせい,"星街すいせい,ひま食堂","YOUTUBE,jhwu-sYItZo,420.5,689.5"
2020-06-28T17:14+09:00,YOUTUBE,RjGLbR6t1uw,,,0,小さな恋のうた,MONGOL800,"星街すいせい,ひま食堂","YOUTUBE,XKxZHfC_zj4,102.4,389.3"
2020-06-28T17:20+09:00,YOUTUBE,ePzIAlfHkso,,,0,光るなら,Goose house,"星街すいせい,ひま食堂","YOUTUBE,XKxZHfC_zj4,426.2,681.4"
2020-06-28T22:00+09:00,YOUTUBE,HkMXq08WlJo,,,0,シャンパーニュ・デイ,ナナホシ管弦楽団,星街すいせい,
2020-06-29T22:01+09:00,YOUTUBE,N4Op5gpV2AU,134.2,380.7,0,思想犯,ヨルシカ,星街すいせい,
2020-06-29T22:01+09:00,YOUTUBE,N4Op5gpV2AU,575.1,790.5,0,春ひさぎ,ヨルシカ,星街すいせい,
2020-06-29T22:01+09:00,YOUTUBE,N4Op5gpV2AU,804.5,1072.9,0,雨とカプチーノ,ヨルシカ,星街すいせい,
2020-06-29T22:01+09:00,YOUTUBE,N4Op5gpV2AU,1156.9,1410.5,0,秒針を噛む,ずっと真夜中でいいのに。,星街すいせい,
2020-06-29T22:01+09:00,YOUTUBE,N4Op5gpV2AU,1439.9,1665.4,0,乱舞のメロディ,シド,星街すいせい,
2020-06-29T22:01+09:00,YOUTUBE,N4Op5gpV2AU,1750.5,2043.4,0,餞の鳥,D/Zeal,星街すいせい,
2020-07-05T17:15+09:00,YOUTUBE,ljWfJ9lwdRE,,,0,僕たちはまだ世界を知らない,燦鳥ノム,"星街すいせい,燦鳥ノム","YOUTUBE,qmh1spBstcE,52.2,368.2"
2020-07-05T17:21+09:00,YOUTUBE,SiMWIUJKmLI,,,0,to U,Salyu,"星街すいせい,燦鳥ノム","YOUTUBE,qmh1spBstcE,438.6,702.8"
2020-07-07T19:30+09:00,YOUTUBE,Ur0K2WA67jw,,,0,Alice in N.Y.,teamOS,"ときのそら,星街すいせい,宝鐘マリン,不知火フレア,天音かなた",
2020-07-08T23:01+09:00,YOUTUBE,clXusKnSBY0,404.4,534.1,1,A DECLARATION OF ×××,RAISE A SUILEN,星街すいせい,
2020-07-08T23:01+09:00,YOUTUBE,clXusKnSBY0,639.7,743.1,1,Tryst of Stars,fine,星街すいせい,
2020-07-08T23:01+09:00,YOUTUBE,clXusKnSBY0,804.3,835.3,1,トウキョウト・ロック・シティ,えこまる,星街すいせい,
2020-07-08T23:01+09:00,YOUTUBE,clXusKnSBY0,859.3,953.5,1,トウキョウト・ロック・シティ,えこまる,星街すいせい,
2020-07-08T23:01+09:00,YOUTUBE,clXusKnSBY0,1061.2,1145.0,1,アディショナルメモリー,じん,星街すいせい,
2020-07-08T23:01+09:00,YOUTUBE,clXusKnSBY0,1189.5,1276.4,1,夕映えプレゼント,CINDERELLA PROJECT,星街すいせい,
2020-07-08T23:01+09:00,YOUTUBE,clXusKnSBY0,1331.4,1334.7,1,ハーモニクス,D/Zeal,星街すいせい,
2020-07-08T23:01+09:00,YOUTUBE,clXusKnSBY0,1343.3,1351.6,1,ハーモニクス,D/Zeal,星街すいせい,
2020-07-08T23:01+09:00,YOUTUBE,clXusKnSBY0,1368.1,1460.6,1,ハーモニクス,D/Zeal,星街すいせい,
2020-07-08T23:01+09:00,YOUTUBE,clXusKnSBY0,1466.9,1482.0,1,ハーモニクス,D/Zeal,星街すいせい,
2020-07-08T23:01+09:00,YOUTUBE,clXusKnSBY0,1541.9,1616.7,1,純・アモーレ・愛,紫京院ひびき,星街すいせい,
2020-07-08T23:01+09:00,YOUTUBE,clXusKnSBY0,1663.6,1670.9,1,ワルキューレがとまらない,ワルキューレ,星街すいせい,
2020-07-08T23:01+09:00,YOUTUBE,clXusKnSBY0,1711.7,1786.9,1,aLIEz,SawanoHiroyuki[nZk],星街すいせい,
2020-07-08T23:01+09:00,YOUTUBE,clXusKnSBY0,1844.5,1858.6,1,V.I.P,シド,星街すいせい,
2020-07-08T23:01+09:00,YOUTUBE,clXusKnSBY0,1865.9,1993.4,1,花の唄,Aimer,星街すいせい,
2020-07-08T23:01+09:00,YOUTUBE,clXusKnSBY0,2048.7,2128.9,1,鏡面の波,YURiKA,星街すいせい,
2020-07-08T23:01+09:00,YOUTUBE,clXusKnSBY0,2183.1,2249.2,1,FairyTaleじゃいられない,Fairy Stars,星街すいせい,
2020-07-08T23:01+09:00,YOUTUBE,clXusKnSBY0,2298.0,2301.3,1,一番の宝物,Lia,星街すいせい,
2020-07-08T23:01+09:00,YOUTUBE,clXusKnSBY0,2339.4,2349.8,1,言って。,ヨルシカ,星街すいせい,
2020-07-08T23:01+09:00,YOUTUBE,clXusKnSBY0,2389.4,2457.5,1,アスター,はるまきごはん,星街すいせい,
2020-07-08T23:01+09:00,YOUTUBE,clXusKnSBY0,2533.1,2658.0,1,対象a,anNina,星街すいせい,
2020-07-08T23:01+09:00,YOUTUBE,clXusKnSBY0,2690.2,2780.9,1,コンプレックス・イマージュ,彩音,星街すいせい,
2020-07-08T23:01+09:00,YOUTUBE,clXusKnSBY0,2800.1,2836.4,1,吉原ラメント,亜沙,星街すいせい,
2020-07-08T23:01+09:00,YOUTUBE,clXusKnSBY0,2848.3,2918.5,1,grilletto,GARNiDELiA,星街すいせい,
2020-07-08T23:01+09:00,YOUTUBE,clXusKnSBY0,,,,,,星街すいせい,
2020-07-08T23:01+09:00,YOUTUBE,clXusKnSBY0,,,,,,星街すいせい,
2020-07-08T23:01+09:00,YOUTUBE,clXusKnSBY0,,,,,,星街すいせい,
2020-07-08T23:01+09:00,YOUTUBE,clXusKnSBY0,,,,,,星街すいせい,
2020-07-08T23:01+09:00,YOUTUBE,clXusKnSBY0,,,,,,星街すいせい,
2020-07-08T23:01+09:00,YOUTUBE,clXusKnSBY0,,,,,,星街すいせい,
2020-07-08T23:01+09:00,YOUTUBE,clXusKnSBY0,,,,,,星街すいせい,
2020-07-08T23:01+09:00,YOUTUBE,clXusKnSBY0,,,,,,星街すいせい,
2020-07-08T23:01+09:00,YOUTUBE,clXusKnSBY0,,,,,,星街すいせい,
2020-07-08T23:01+09:00,YOUTUBE,clXusKnSBY0,,,,,,星街すいせい,
2020-07-08T23:01+09:00,YOUTUBE,clXusKnSBY0,,,,,,星街すいせい,
2020-07-08T23:01+09:00,YOUTUBE,clXusKnSBY0,,,,,,星街すいせい,
2020-07-08T23:01+09:00,YOUTUBE,clXusKnSBY0,,,,,,星街すいせい,
2020-07-08T23:01+09:00,YOUTUBE,clXusKnSBY0,,,,,,星街すいせい,
2020-07-08T23:01+09:00,YOUTUBE,clXusKnSBY0,,,,,,星街すいせい,
2020-07-08T23:01+09:00,YOUTUBE,clXusKnSBY0,,,,,,星街すいせい,
2020-07-08T23:01+09:00,YOUTUBE,clXusKnSBY0,,,,,,星街すいせい,
2020-07-12T17:09+09:00,YOUTUBE,_TZeYwMRJas,,,0,明日への手紙,手嶌葵,"星街すいせい,燦鳥ノム","YOUTUBE,3p1VvC89r2s,543.0,833.8"
2020-07-12T17:20+09:00,YOUTUBE,1uQmxfAL6IM,,,0,I LOVE YOU,クリス・ハート,"星街すいせい,燦鳥ノム","YOUTUBE,izfIMMf9H34,343.6,657.6"
2020-07-17T20:00+09:00,YOUTUBE,a9EZ2KFTbYM,,,0,アライブファクター,"如月千早,最上静香","朝ノ瑠璃,星街すいせい",